date,_pm25,year,month,day,dayofyear,refperiod,_no2,_pm10,city
2016-10-02,91,2016,10,2,02OCT,0,0,0,Ho-Chi-Minh
2016-10-03,85,2016,10,3,03OCT,0,0,0,Ho-Chi-Minh
2016-10-04,93,2016,10,4,04OCT,0,0,0,Ho-Chi-Minh
2016-10-05,114,2016,10,5,05OCT,0,0,0,Ho-Chi-Minh
2016-10-06,95,2016,10,6,06OCT,0,0,0,Ho-Chi-Minh
2016-10-07,103,2016,10,7,07OCT,0,0,0,Ho-Chi-Minh
2016-10-08,83,2016,10,8,08OCT,0,0,0,Ho-Chi-Minh
2016-10-09,93,2016,10,9,09OCT,0,0,0,Ho-Chi-Minh
2016-10-10,113,2016,10,10,10OCT,0,0,0,Ho-Chi-Minh
2016-10-11,88,2016,10,11,11OCT,0,0,0,Ho-Chi-Minh
2016-10-12,106,2016,10,12,12OCT,0,0,0,Ho-Chi-Minh
2016-10-13,130,2016,10,13,13OCT,0,0,0,Ho-Chi-Minh
2016-10-14,126,2016,10,14,14OCT,0,0,0,Ho-Chi-Minh
2016-10-15,110,2016,10,15,15OCT,0,0,0,Ho-Chi-Minh
2016-10-16,121,2016,10,16,16OCT,0,0,0,Ho-Chi-Minh
2016-10-17,98,2016,10,17,17OCT,0,0,0,Ho-Chi-Minh
2016-10-18,98,2016,10,18,18OCT,0,0,0,Ho-Chi-Minh
2016-10-19,97,2016,10,19,19OCT,0,0,0,Ho-Chi-Minh
2016-10-20,79,2016,10,20,20OCT,0,0,0,Ho-Chi-Minh
2016-10-21,76,2016,10,21,21OCT,0,0,0,Ho-Chi-Minh
2016-10-22,84,2016,10,22,22OCT,0,0,0,Ho-Chi-Minh
2016-10-23,110,2016,10,23,23OCT,0,0,0,Ho-Chi-Minh
2016-10-24,95,2016,10,24,24OCT,0,0,0,Ho-Chi-Minh
2016-10-25,116,2016,10,25,25OCT,0,0,0,Ho-Chi-Minh
2016-10-26,120,2016,10,26,26OCT,0,0,0,Ho-Chi-Minh
2016-10-27,63,2016,10,27,27OCT,0,0,0,Ho-Chi-Minh
2016-10-28,58,2016,10,28,28OCT,0,0,0,Ho-Chi-Minh
2016-10-29,60,2016,10,29,29OCT,0,0,0,Ho-Chi-Minh
2016-10-30,34,2016,10,30,30OCT,0,0,0,Ho-Chi-Minh
2016-10-31,51,2016,10,31,31OCT,0,0,0,Ho-Chi-Minh
2016-11-01,115,2016,11,1,01NOV,0,0,0,Ho-Chi-Minh
2016-11-02,144,2016,11,2,02NOV,0,0,0,Ho-Chi-Minh
2016-11-03,55,2016,11,3,03NOV,0,0,0,Ho-Chi-Minh
2016-11-04,75,2016,11,4,04NOV,0,0,0,Ho-Chi-Minh
2016-11-05,76,2016,11,5,05NOV,0,0,0,Ho-Chi-Minh
2016-11-06,74,2016,11,6,06NOV,0,0,0,Ho-Chi-Minh
2016-11-07,60,2016,11,7,07NOV,0,0,0,Ho-Chi-Minh
2016-11-08,74,2016,11,8,08NOV,0,0,0,Ho-Chi-Minh
2016-11-09,76,2016,11,9,09NOV,0,0,0,Ho-Chi-Minh
2016-11-10,72,2016,11,10,10NOV,0,0,0,Ho-Chi-Minh
2016-11-11,105,2016,11,11,11NOV,0,0,0,Ho-Chi-Minh
2016-11-12,124,2016,11,12,12NOV,0,0,0,Ho-Chi-Minh
2016-11-13,91,2016,11,13,13NOV,0,0,0,Ho-Chi-Minh
2016-11-14,97,2016,11,14,14NOV,0,0,0,Ho-Chi-Minh
2016-11-15,105,2016,11,15,15NOV,0,0,0,Ho-Chi-Minh
2016-11-16,118,2016,11,16,16NOV,0,0,0,Ho-Chi-Minh
2016-11-17,123,2016,11,17,17NOV,0,0,0,Ho-Chi-Minh
2016-11-18,134,2016,11,18,18NOV,0,0,0,Ho-Chi-Minh
2016-11-19,86,2016,11,19,19NOV,0,0,0,Ho-Chi-Minh
2016-11-20,81,2016,11,20,20NOV,0,0,0,Ho-Chi-Minh
2016-11-21,94,2016,11,21,21NOV,0,0,0,Ho-Chi-Minh
2016-11-22,93,2016,11,22,22NOV,0,0,0,Ho-Chi-Minh
2016-11-23,73,2016,11,23,23NOV,0,0,0,Ho-Chi-Minh
2016-11-24,78,2016,11,24,24NOV,0,0,0,Ho-Chi-Minh
2016-11-25,90,2016,11,25,25NOV,0,0,0,Ho-Chi-Minh
2016-11-26,114,2016,11,26,26NOV,0,0,0,Ho-Chi-Minh
2016-11-27,112,2016,11,27,27NOV,0,0,0,Ho-Chi-Minh
2016-11-28,116,2016,11,28,28NOV,0,0,0,Ho-Chi-Minh
2016-11-29,118,2016,11,29,29NOV,0,0,0,Ho-Chi-Minh
2016-11-30,104,2016,11,30,30NOV,0,0,0,Ho-Chi-Minh
2016-12-01,90,2016,12,1,01DEC,0,0,0,Ho-Chi-Minh
2016-12-02,81,2016,12,2,02DEC,0,0,0,Ho-Chi-Minh
2016-12-03,99,2016,12,3,03DEC,0,0,0,Ho-Chi-Minh
2016-12-04,93,2016,12,4,04DEC,0,0,0,Ho-Chi-Minh
2016-12-05,106,2016,12,5,05DEC,0,0,0,Ho-Chi-Minh
2016-12-06,85,2016,12,6,06DEC,0,0,0,Ho-Chi-Minh
2016-12-07,96,2016,12,7,07DEC,0,0,0,Ho-Chi-Minh
2016-12-08,120,2016,12,8,08DEC,0,0,0,Ho-Chi-Minh
2016-12-09,120,2016,12,9,09DEC,0,0,0,Ho-Chi-Minh
2016-12-10,115,2016,12,10,10DEC,0,0,0,Ho-Chi-Minh
2016-12-11,159,2016,12,11,11DEC,0,0,0,Ho-Chi-Minh
2016-12-12,125,2016,12,12,12DEC,0,0,0,Ho-Chi-Minh
2016-12-13,102,2016,12,13,13DEC,0,0,0,Ho-Chi-Minh
2016-12-14,79,2016,12,14,14DEC,0,0,0,Ho-Chi-Minh
2016-12-15,95,2016,12,15,15DEC,0,0,0,Ho-Chi-Minh
2016-12-16,83,2016,12,16,16DEC,0,0,0,Ho-Chi-Minh
2016-12-17,98,2016,12,17,17DEC,0,0,0,Ho-Chi-Minh
2016-12-18,111,2016,12,18,18DEC,0,0,0,Ho-Chi-Minh
2016-12-19,112,2016,12,19,19DEC,0,0,0,Ho-Chi-Minh
2016-12-20,107,2016,12,20,20DEC,0,0,0,Ho-Chi-Minh
2016-12-21,133,2016,12,21,21DEC,0,0,0,Ho-Chi-Minh
2016-12-22,112,2016,12,22,22DEC,0,0,0,Ho-Chi-Minh
2016-12-23,113,2016,12,23,23DEC,0,0,0,Ho-Chi-Minh
2016-12-24,115,2016,12,24,24DEC,0,0,0,Ho-Chi-Minh
2016-12-25,136,2016,12,25,25DEC,0,0,0,Ho-Chi-Minh
2016-12-26,135,2016,12,26,26DEC,0,0,0,Ho-Chi-Minh
2016-12-27,118,2016,12,27,27DEC,0,0,0,Ho-Chi-Minh
2016-12-28,131,2016,12,28,28DEC,0,0,0,Ho-Chi-Minh
2016-12-29,117,2016,12,29,29DEC,0,0,0,Ho-Chi-Minh
2016-12-30,91,2016,12,30,30DEC,0,0,0,Ho-Chi-Minh
2016-12-31,90,2016,12,31,31DEC,0,0,0,Ho-Chi-Minh
2016-07-02,59,2016,7,2,02JUL,0,0,0,Ho-Chi-Minh
2016-07-03,86,2016,7,3,03JUL,0,0,0,Ho-Chi-Minh
2016-07-04,102,2016,7,4,04JUL,0,0,0,Ho-Chi-Minh
2016-07-05,102,2016,7,5,05JUL,0,0,0,Ho-Chi-Minh
2016-07-06,78,2016,7,6,06JUL,0,0,0,Ho-Chi-Minh
2016-07-07,72,2016,7,7,07JUL,0,0,0,Ho-Chi-Minh
2016-07-08,46,2016,7,8,08JUL,0,0,0,Ho-Chi-Minh
2016-07-09,51,2016,7,9,09JUL,0,0,0,Ho-Chi-Minh
2016-07-10,58,2016,7,10,10JUL,0,0,0,Ho-Chi-Minh
2016-07-11,64,2016,7,11,11JUL,0,0,0,Ho-Chi-Minh
2016-07-12,58,2016,7,12,12JUL,0,0,0,Ho-Chi-Minh
2016-07-13,64,2016,7,13,13JUL,0,0,0,Ho-Chi-Minh
2016-07-14,72,2016,7,14,14JUL,0,0,0,Ho-Chi-Minh
2016-07-15,67,2016,7,15,15JUL,0,0,0,Ho-Chi-Minh
2016-07-16,75,2016,7,16,16JUL,0,0,0,Ho-Chi-Minh
2016-07-17,85,2016,7,17,17JUL,0,0,0,Ho-Chi-Minh
2016-07-18,90,2016,7,18,18JUL,0,0,0,Ho-Chi-Minh
2016-07-19,76,2016,7,19,19JUL,0,0,0,Ho-Chi-Minh
2016-07-20,76,2016,7,20,20JUL,0,0,0,Ho-Chi-Minh
2016-07-21,99,2016,7,21,21JUL,0,0,0,Ho-Chi-Minh
2016-07-22,83,2016,7,22,22JUL,0,0,0,Ho-Chi-Minh
2016-07-23,98,2016,7,23,23JUL,0,0,0,Ho-Chi-Minh
2016-07-24,136,2016,7,24,24JUL,0,0,0,Ho-Chi-Minh
2016-07-25,126,2016,7,25,25JUL,0,0,0,Ho-Chi-Minh
2016-07-26,86,2016,7,26,26JUL,0,0,0,Ho-Chi-Minh
2016-07-27,75,2016,7,27,27JUL,0,0,0,Ho-Chi-Minh
2016-07-28,68,2016,7,28,28JUL,0,0,0,Ho-Chi-Minh
2016-07-29,68,2016,7,29,29JUL,0,0,0,Ho-Chi-Minh
2016-07-30,58,2016,7,30,30JUL,0,0,0,Ho-Chi-Minh
2016-07-31,63,2016,7,31,31JUL,0,0,0,Ho-Chi-Minh
2016-08-01,49,2016,8,1,01AUG,0,0,0,Ho-Chi-Minh
2016-08-02,74,2016,8,2,02AUG,0,0,0,Ho-Chi-Minh
2016-08-03,63,2016,8,3,03AUG,0,0,0,Ho-Chi-Minh
2016-08-04,86,2016,8,4,04AUG,0,0,0,Ho-Chi-Minh
2016-08-05,58,2016,8,5,05AUG,0,0,0,Ho-Chi-Minh
2016-08-06,71,2016,8,6,06AUG,0,0,0,Ho-Chi-Minh
2016-08-07,79,2016,8,7,07AUG,0,0,0,Ho-Chi-Minh
2016-08-08,54,2016,8,8,08AUG,0,0,0,Ho-Chi-Minh
2016-08-09,50,2016,8,9,09AUG,0,0,0,Ho-Chi-Minh
2016-08-10,54,2016,8,10,10AUG,0,0,0,Ho-Chi-Minh
2016-08-11,55,2016,8,11,11AUG,0,0,0,Ho-Chi-Minh
2016-08-12,66,2016,8,12,12AUG,0,0,0,Ho-Chi-Minh
2016-08-13,57,2016,8,13,13AUG,0,0,0,Ho-Chi-Minh
2016-08-14,52,2016,8,14,14AUG,0,0,0,Ho-Chi-Minh
2016-08-15,55,2016,8,15,15AUG,0,0,0,Ho-Chi-Minh
2016-08-16,44,2016,8,16,16AUG,0,0,0,Ho-Chi-Minh
2016-08-17,51,2016,8,17,17AUG,0,0,0,Ho-Chi-Minh
2016-08-18,58,2016,8,18,18AUG,0,0,0,Ho-Chi-Minh
2016-08-19,65,2016,8,19,19AUG,0,0,0,Ho-Chi-Minh
2016-08-20,58,2016,8,20,20AUG,0,0,0,Ho-Chi-Minh
2016-08-21,72,2016,8,21,21AUG,0,0,0,Ho-Chi-Minh
2016-08-22,71,2016,8,22,22AUG,0,0,0,Ho-Chi-Minh
2016-08-23,77,2016,8,23,23AUG,0,0,0,Ho-Chi-Minh
2016-08-24,104,2016,8,24,24AUG,0,0,0,Ho-Chi-Minh
2016-08-25,92,2016,8,25,25AUG,0,0,0,Ho-Chi-Minh
2016-08-26,80,2016,8,26,26AUG,0,0,0,Ho-Chi-Minh
2016-08-27,68,2016,8,27,27AUG,0,0,0,Ho-Chi-Minh
2016-08-28,77,2016,8,28,28AUG,0,0,0,Ho-Chi-Minh
2016-08-29,78,2016,8,29,29AUG,0,0,0,Ho-Chi-Minh
2016-08-30,59,2016,8,30,30AUG,0,0,0,Ho-Chi-Minh
2016-08-31,71,2016,8,31,31AUG,0,0,0,Ho-Chi-Minh
2016-09-01,78,2016,9,1,01SEP,0,0,0,Ho-Chi-Minh
2016-09-02,79,2016,9,2,02SEP,0,0,0,Ho-Chi-Minh
2016-09-03,30,2016,9,3,03SEP,0,0,0,Ho-Chi-Minh
2016-09-04,28,2016,9,4,04SEP,0,0,0,Ho-Chi-Minh
2016-09-05,41,2016,9,5,05SEP,0,0,0,Ho-Chi-Minh
2016-09-06,47,2016,9,6,06SEP,0,0,0,Ho-Chi-Minh
2016-09-07,57,2016,9,7,07SEP,0,0,0,Ho-Chi-Minh
2016-09-08,50,2016,9,8,08SEP,0,0,0,Ho-Chi-Minh
2016-09-09,71,2016,9,9,09SEP,0,0,0,Ho-Chi-Minh
2016-09-10,77,2016,9,10,10SEP,0,0,0,Ho-Chi-Minh
2016-09-11,66,2016,9,11,11SEP,0,0,0,Ho-Chi-Minh
2016-09-12,69,2016,9,12,12SEP,0,0,0,Ho-Chi-Minh
2016-09-13,62,2016,9,13,13SEP,0,0,0,Ho-Chi-Minh
2016-09-14,46,2016,9,14,14SEP,0,0,0,Ho-Chi-Minh
2016-09-15,55,2016,9,15,15SEP,0,0,0,Ho-Chi-Minh
2016-09-16,90,2016,9,16,16SEP,0,0,0,Ho-Chi-Minh
2016-09-17,72,2016,9,17,17SEP,0,0,0,Ho-Chi-Minh
2016-09-18,73,2016,9,18,18SEP,0,0,0,Ho-Chi-Minh
2016-09-19,78,2016,9,19,19SEP,0,0,0,Ho-Chi-Minh
2016-09-20,75,2016,9,20,20SEP,0,0,0,Ho-Chi-Minh
2016-09-21,93,2016,9,21,21SEP,0,0,0,Ho-Chi-Minh
2016-09-22,98,2016,9,22,22SEP,0,0,0,Ho-Chi-Minh
2016-09-23,81,2016,9,23,23SEP,0,0,0,Ho-Chi-Minh
2016-09-24,83,2016,9,24,24SEP,0,0,0,Ho-Chi-Minh
2016-09-25,73,2016,9,25,25SEP,0,0,0,Ho-Chi-Minh
2016-09-26,81,2016,9,26,26SEP,0,0,0,Ho-Chi-Minh
2016-09-27,85,2016,9,27,27SEP,0,0,0,Ho-Chi-Minh
2016-09-28,86,2016,9,28,28SEP,0,0,0,Ho-Chi-Minh
2016-09-29,96,2016,9,29,29SEP,0,0,0,Ho-Chi-Minh
2016-09-30,85,2016,9,30,30SEP,0,0,0,Ho-Chi-Minh
2016-10-01,98,2016,10,1,01OCT,0,0,0,Ho-Chi-Minh
2016-04-02,67,2016,4,2,02APR,0,0,0,Ho-Chi-Minh
2016-04-03,70,2016,4,3,03APR,0,0,0,Ho-Chi-Minh
2016-04-04,73,2016,4,4,04APR,0,0,0,Ho-Chi-Minh
2016-04-05,68,2016,4,5,05APR,0,0,0,Ho-Chi-Minh
2016-04-06,72,2016,4,6,06APR,0,0,0,Ho-Chi-Minh
2016-04-07,70,2016,4,7,07APR,0,0,0,Ho-Chi-Minh
2016-04-08,67,2016,4,8,08APR,0,0,0,Ho-Chi-Minh
2016-04-09,68,2016,4,9,09APR,0,0,0,Ho-Chi-Minh
2016-04-10,64,2016,4,10,10APR,0,0,0,Ho-Chi-Minh
2016-04-11,75,2016,4,11,11APR,0,0,0,Ho-Chi-Minh
2016-04-12,85,2016,4,12,12APR,0,0,0,Ho-Chi-Minh
2016-04-13,86,2016,4,13,13APR,0,0,0,Ho-Chi-Minh
2016-04-14,94,2016,4,14,14APR,0,0,0,Ho-Chi-Minh
2016-04-15,97,2016,4,15,15APR,0,0,0,Ho-Chi-Minh
2016-04-16,111,2016,4,16,16APR,0,0,0,Ho-Chi-Minh
2016-04-17,101,2016,4,17,17APR,0,0,0,Ho-Chi-Minh
2016-04-18,95,2016,4,18,18APR,0,0,0,Ho-Chi-Minh
2016-04-19,83,2016,4,19,19APR,0,0,0,Ho-Chi-Minh
2016-04-20,68,2016,4,20,20APR,0,0,0,Ho-Chi-Minh
2016-04-21,75,2016,4,21,21APR,0,0,0,Ho-Chi-Minh
2016-04-22,66,2016,4,22,22APR,0,0,0,Ho-Chi-Minh
2016-04-23,55,2016,4,23,23APR,0,0,0,Ho-Chi-Minh
2016-04-24,50,2016,4,24,24APR,0,0,0,Ho-Chi-Minh
2016-04-25,58,2016,4,25,25APR,0,0,0,Ho-Chi-Minh
2016-04-26,59,2016,4,26,26APR,0,0,0,Ho-Chi-Minh
2016-04-27,51,2016,4,27,27APR,0,0,0,Ho-Chi-Minh
2016-04-28,62,2016,4,28,28APR,0,0,0,Ho-Chi-Minh
2016-04-29,59,2016,4,29,29APR,0,0,0,Ho-Chi-Minh
2016-04-30,48,2016,4,30,30APR,0,0,0,Ho-Chi-Minh
2016-05-01,66,2016,5,1,01MAY,0,0,0,Ho-Chi-Minh
2016-05-02,64,2016,5,2,02MAY,0,0,0,Ho-Chi-Minh
2016-05-03,57,2016,5,3,03MAY,0,0,0,Ho-Chi-Minh
2016-05-04,48,2016,5,4,04MAY,0,0,0,Ho-Chi-Minh
2016-05-05,59,2016,5,5,05MAY,0,0,0,Ho-Chi-Minh
2016-05-06,59,2016,5,6,06MAY,0,0,0,Ho-Chi-Minh
2016-05-07,57,2016,5,7,07MAY,0,0,0,Ho-Chi-Minh
2016-05-08,71,2016,5,8,08MAY,0,0,0,Ho-Chi-Minh
2016-05-09,46,2016,5,9,09MAY,0,0,0,Ho-Chi-Minh
2016-05-10,48,2016,5,10,10MAY,0,0,0,Ho-Chi-Minh
2016-05-11,52,2016,5,11,11MAY,0,0,0,Ho-Chi-Minh
2016-05-12,53,2016,5,12,12MAY,0,0,0,Ho-Chi-Minh
2016-05-13,53,2016,5,13,13MAY,0,0,0,Ho-Chi-Minh
2016-05-14,68,2016,5,14,14MAY,0,0,0,Ho-Chi-Minh
2016-05-15,69,2016,5,15,15MAY,0,0,0,Ho-Chi-Minh
2016-05-16,71,2016,5,16,16MAY,0,0,0,Ho-Chi-Minh
2016-05-17,108,2016,5,17,17MAY,0,0,0,Ho-Chi-Minh
2016-05-18,112,2016,5,18,18MAY,0,0,0,Ho-Chi-Minh
2016-05-19,114,2016,5,19,19MAY,0,0,0,Ho-Chi-Minh
2016-05-20,132,2016,5,20,20MAY,0,0,0,Ho-Chi-Minh
2016-05-21,109,2016,5,21,21MAY,0,0,0,Ho-Chi-Minh
2016-05-22,117,2016,5,22,22MAY,0,0,0,Ho-Chi-Minh
2016-05-23,90,2016,5,23,23MAY,0,0,0,Ho-Chi-Minh
2016-05-24,81,2016,5,24,24MAY,0,0,0,Ho-Chi-Minh
2016-05-25,65,2016,5,25,25MAY,0,0,0,Ho-Chi-Minh
2016-05-26,63,2016,5,26,26MAY,0,0,0,Ho-Chi-Minh
2016-05-27,71,2016,5,27,27MAY,0,0,0,Ho-Chi-Minh
2016-05-28,65,2016,5,28,28MAY,0,0,0,Ho-Chi-Minh
2016-05-29,69,2016,5,29,29MAY,0,0,0,Ho-Chi-Minh
2016-05-30,68,2016,5,30,30MAY,0,0,0,Ho-Chi-Minh
2016-05-31,70,2016,5,31,31MAY,0,0,0,Ho-Chi-Minh
2016-06-01,86,2016,6,1,01JUN,0,0,0,Ho-Chi-Minh
2016-06-02,84,2016,6,2,02JUN,0,0,0,Ho-Chi-Minh
2016-06-03,60,2016,6,3,03JUN,0,0,0,Ho-Chi-Minh
2016-06-04,69,2016,6,4,04JUN,0,0,0,Ho-Chi-Minh
2016-06-05,76,2016,6,5,05JUN,0,0,0,Ho-Chi-Minh
2016-06-06,79,2016,6,6,06JUN,0,0,0,Ho-Chi-Minh
2016-06-07,76,2016,6,7,07JUN,0,0,0,Ho-Chi-Minh
2016-06-08,72,2016,6,8,08JUN,0,0,0,Ho-Chi-Minh
2016-06-09,85,2016,6,9,09JUN,0,0,0,Ho-Chi-Minh
2016-06-10,105,2016,6,10,10JUN,0,0,0,Ho-Chi-Minh
2016-06-11,80,2016,6,11,11JUN,0,0,0,Ho-Chi-Minh
2016-06-12,97,2016,6,12,12JUN,0,0,0,Ho-Chi-Minh
2016-06-15,66,2016,6,15,15JUN,0,0,0,Ho-Chi-Minh
2016-06-16,65,2016,6,16,16JUN,0,0,0,Ho-Chi-Minh
2016-06-17,69,2016,6,17,17JUN,0,0,0,Ho-Chi-Minh
2016-06-18,110,2016,6,18,18JUN,0,0,0,Ho-Chi-Minh
2016-06-19,71,2016,6,19,19JUN,0,0,0,Ho-Chi-Minh
2016-06-20,96,2016,6,20,20JUN,0,0,0,Ho-Chi-Minh
2016-06-21,87,2016,6,21,21JUN,0,0,0,Ho-Chi-Minh
2016-06-22,88,2016,6,22,22JUN,0,0,0,Ho-Chi-Minh
2016-06-23,54,2016,6,23,23JUN,0,0,0,Ho-Chi-Minh
2016-06-24,68,2016,6,24,24JUN,0,0,0,Ho-Chi-Minh
2016-06-25,129,2016,6,25,25JUN,0,0,0,Ho-Chi-Minh
2016-06-26,103,2016,6,26,26JUN,0,0,0,Ho-Chi-Minh
2016-06-27,76,2016,6,27,27JUN,0,0,0,Ho-Chi-Minh
2016-06-28,80,2016,6,28,28JUN,0,0,0,Ho-Chi-Minh
2016-06-29,56,2016,6,29,29JUN,0,0,0,Ho-Chi-Minh
2016-06-30,49,2016,6,30,30JUN,0,0,0,Ho-Chi-Minh
2016-07-01,60,2016,7,1,01JUL,0,0,0,Ho-Chi-Minh
2016-02-12,68,2016,2,12,12FEB,0,0,0,Ho-Chi-Minh
2016-02-13,54,2016,2,13,13FEB,0,0,0,Ho-Chi-Minh
2016-02-14,54,2016,2,14,14FEB,0,0,0,Ho-Chi-Minh
2016-02-15,54,2016,2,15,15FEB,0,0,0,Ho-Chi-Minh
2016-02-16,59,2016,2,16,16FEB,0,0,0,Ho-Chi-Minh
2016-02-17,95,2016,2,17,17FEB,0,0,0,Ho-Chi-Minh
2016-02-18,100,2016,2,18,18FEB,0,0,0,Ho-Chi-Minh
2016-02-19,105,2016,2,19,19FEB,0,0,0,Ho-Chi-Minh
2016-02-20,112,2016,2,20,20FEB,0,0,0,Ho-Chi-Minh
2016-02-21,98,2016,2,21,21FEB,0,0,0,Ho-Chi-Minh
2016-02-22,109,2016,2,22,22FEB,0,0,0,Ho-Chi-Minh
2016-02-23,99,2016,2,23,23FEB,0,0,0,Ho-Chi-Minh
2016-02-24,94,2016,2,24,24FEB,0,0,0,Ho-Chi-Minh
2016-02-25,108,2016,2,25,25FEB,0,0,0,Ho-Chi-Minh
2016-02-26,103,2016,2,26,26FEB,0,0,0,Ho-Chi-Minh
2016-02-27,80,2016,2,27,27FEB,0,0,0,Ho-Chi-Minh
2016-02-28,71,2016,2,28,28FEB,0,0,0,Ho-Chi-Minh
2016-02-29,99,2016,2,29,29FEB,0,0,0,Ho-Chi-Minh
2016-03-01,106,2016,3,1,01MAR,0,0,0,Ho-Chi-Minh
2016-03-02,111,2016,3,2,02MAR,0,0,0,Ho-Chi-Minh
2016-03-03,125,2016,3,3,03MAR,0,0,0,Ho-Chi-Minh
2016-03-04,115,2016,3,4,04MAR,0,0,0,Ho-Chi-Minh
2016-03-05,89,2016,3,5,05MAR,0,0,0,Ho-Chi-Minh
2016-03-06,84,2016,3,6,06MAR,0,0,0,Ho-Chi-Minh
2016-03-07,69,2016,3,7,07MAR,0,0,0,Ho-Chi-Minh
2016-03-08,66,2016,3,8,08MAR,0,0,0,Ho-Chi-Minh
2016-03-09,72,2016,3,9,09MAR,0,0,0,Ho-Chi-Minh
2016-03-10,69,2016,3,10,10MAR,0,0,0,Ho-Chi-Minh
2016-03-11,72,2016,3,11,11MAR,0,0,0,Ho-Chi-Minh
2016-03-12,74,2016,3,12,12MAR,0,0,0,Ho-Chi-Minh
2016-03-13,73,2016,3,13,13MAR,0,0,0,Ho-Chi-Minh
2016-03-14,78,2016,3,14,14MAR,0,0,0,Ho-Chi-Minh
2016-03-15,91,2016,3,15,15MAR,0,0,0,Ho-Chi-Minh
2016-03-16,85,2016,3,16,16MAR,0,0,0,Ho-Chi-Minh
2016-03-17,78,2016,3,17,17MAR,0,0,0,Ho-Chi-Minh
2016-03-18,75,2016,3,18,18MAR,0,0,0,Ho-Chi-Minh
2016-03-19,71,2016,3,19,19MAR,0,0,0,Ho-Chi-Minh
2016-03-20,78,2016,3,20,20MAR,0,0,0,Ho-Chi-Minh
2016-03-21,82,2016,3,21,21MAR,0,0,0,Ho-Chi-Minh
2016-03-22,76,2016,3,22,22MAR,0,0,0,Ho-Chi-Minh
2016-03-23,73,2016,3,23,23MAR,0,0,0,Ho-Chi-Minh
2016-03-24,85,2016,3,24,24MAR,0,0,0,Ho-Chi-Minh
2016-03-25,80,2016,3,25,25MAR,0,0,0,Ho-Chi-Minh
2016-03-26,85,2016,3,26,26MAR,0,0,0,Ho-Chi-Minh
2016-03-27,114,2016,3,27,27MAR,0,0,0,Ho-Chi-Minh
2016-03-28,106,2016,3,28,28MAR,0,0,0,Ho-Chi-Minh
2016-03-29,117,2016,3,29,29MAR,0,0,0,Ho-Chi-Minh
2016-03-30,136,2016,3,30,30MAR,0,0,0,Ho-Chi-Minh
2016-03-31,92,2016,3,31,31MAR,0,0,0,Ho-Chi-Minh
2016-04-01,75,2016,4,1,01APR,0,0,0,Ho-Chi-Minh
2017-10-02,65,2017,10,2,02OCT,0,0,0,Ho-Chi-Minh
2017-10-03,51,2017,10,3,03OCT,0,0,0,Ho-Chi-Minh
2017-10-04,51,2017,10,4,04OCT,0,0,0,Ho-Chi-Minh
2017-10-05,58,2017,10,5,05OCT,0,0,0,Ho-Chi-Minh
2017-10-06,89,2017,10,6,06OCT,0,0,0,Ho-Chi-Minh
2017-10-07,65,2017,10,7,07OCT,0,0,0,Ho-Chi-Minh
2017-10-08,86,2017,10,8,08OCT,0,0,0,Ho-Chi-Minh
2017-10-09,76,2017,10,9,09OCT,0,0,0,Ho-Chi-Minh
2017-10-10,106,2017,10,10,10OCT,0,0,0,Ho-Chi-Minh
2017-10-11,75,2017,10,11,11OCT,0,0,0,Ho-Chi-Minh
2017-10-12,67,2017,10,12,12OCT,0,0,0,Ho-Chi-Minh
2017-10-13,95,2017,10,13,13OCT,0,0,0,Ho-Chi-Minh
2017-10-14,82,2017,10,14,14OCT,0,0,0,Ho-Chi-Minh
2017-10-15,71,2017,10,15,15OCT,0,0,0,Ho-Chi-Minh
2017-10-16,43,2017,10,16,16OCT,0,0,0,Ho-Chi-Minh
2017-10-17,57,2017,10,17,17OCT,0,0,0,Ho-Chi-Minh
2017-10-18,70,2017,10,18,18OCT,0,0,0,Ho-Chi-Minh
2017-10-19,69,2017,10,19,19OCT,0,0,0,Ho-Chi-Minh
2017-10-20,69,2017,10,20,20OCT,0,0,0,Ho-Chi-Minh
2017-10-21,72,2017,10,21,21OCT,0,0,0,Ho-Chi-Minh
2017-10-22,84,2017,10,22,22OCT,0,0,0,Ho-Chi-Minh
2017-10-23,58,2017,10,23,23OCT,0,0,0,Ho-Chi-Minh
2017-10-24,69,2017,10,24,24OCT,0,0,0,Ho-Chi-Minh
2017-10-25,106,2017,10,25,25OCT,0,0,0,Ho-Chi-Minh
2017-10-26,107,2017,10,26,26OCT,0,0,0,Ho-Chi-Minh
2017-10-27,134,2017,10,27,27OCT,0,0,0,Ho-Chi-Minh
2017-10-28,109,2017,10,28,28OCT,0,0,0,Ho-Chi-Minh
2017-10-29,117,2017,10,29,29OCT,0,0,0,Ho-Chi-Minh
2017-10-30,119,2017,10,30,30OCT,0,0,0,Ho-Chi-Minh
2017-10-31,135,2017,10,31,31OCT,0,0,0,Ho-Chi-Minh
2017-11-14,114,2017,11,14,14NOV,0,0,0,Ho-Chi-Minh
2017-11-15,126,2017,11,15,15NOV,0,0,0,Ho-Chi-Minh
2017-11-16,137,2017,11,16,16NOV,0,0,0,Ho-Chi-Minh
2017-11-17,48,2017,11,17,17NOV,0,0,0,Ho-Chi-Minh
2017-11-18,89,2017,11,18,18NOV,0,0,0,Ho-Chi-Minh
2017-11-19,75,2017,11,19,19NOV,0,0,0,Ho-Chi-Minh
2017-11-20,68,2017,11,20,20NOV,0,0,0,Ho-Chi-Minh
2017-11-21,70,2017,11,21,21NOV,0,0,0,Ho-Chi-Minh
2017-11-22,82,2017,11,22,22NOV,0,0,0,Ho-Chi-Minh
2017-11-23,112,2017,11,23,23NOV,0,0,0,Ho-Chi-Minh
2017-11-24,126,2017,11,24,24NOV,0,0,0,Ho-Chi-Minh
2017-11-25,108,2017,11,25,25NOV,0,0,0,Ho-Chi-Minh
2017-11-26,96,2017,11,26,26NOV,0,0,0,Ho-Chi-Minh
2017-11-27,79,2017,11,27,27NOV,0,0,0,Ho-Chi-Minh
2017-11-28,87,2017,11,28,28NOV,0,0,0,Ho-Chi-Minh
2017-11-29,97,2017,11,29,29NOV,0,0,0,Ho-Chi-Minh
2017-11-30,128,2017,11,30,30NOV,0,0,0,Ho-Chi-Minh
2017-12-01,115,2017,12,1,01DEC,0,0,0,Ho-Chi-Minh
2017-12-02,116,2017,12,2,02DEC,0,0,0,Ho-Chi-Minh
2017-12-03,106,2017,12,3,03DEC,0,0,0,Ho-Chi-Minh
2017-12-04,105,2017,12,4,04DEC,0,0,0,Ho-Chi-Minh
2017-12-05,90,2017,12,5,05DEC,0,0,0,Ho-Chi-Minh
2017-12-06,119,2017,12,6,06DEC,0,0,0,Ho-Chi-Minh
2017-12-07,149,2017,12,7,07DEC,0,0,0,Ho-Chi-Minh
2017-12-08,106,2017,12,8,08DEC,0,0,0,Ho-Chi-Minh
2017-12-09,126,2017,12,9,09DEC,0,0,0,Ho-Chi-Minh
2017-12-20,121,2017,12,20,20DEC,0,0,0,Ho-Chi-Minh
2017-12-21,98,2017,12,21,21DEC,0,0,0,Ho-Chi-Minh
2017-12-22,74,2017,12,22,22DEC,0,0,0,Ho-Chi-Minh
2017-12-23,87,2017,12,23,23DEC,0,0,0,Ho-Chi-Minh
2017-12-24,86,2017,12,24,24DEC,0,0,0,Ho-Chi-Minh
2017-12-25,78,2017,12,25,25DEC,0,0,0,Ho-Chi-Minh
2017-12-27,60,2017,12,27,27DEC,0,0,0,Ho-Chi-Minh
2017-12-28,86,2017,12,28,28DEC,0,0,0,Ho-Chi-Minh
2017-12-29,111,2017,12,29,29DEC,0,0,0,Ho-Chi-Minh
2017-12-30,109,2017,12,30,30DEC,0,0,0,Ho-Chi-Minh
2017-12-31,100,2017,12,31,31DEC,0,0,0,Ho-Chi-Minh
2017-07-02,78,2017,7,2,02JUL,0,0,0,Ho-Chi-Minh
2017-07-03,73,2017,7,3,03JUL,0,0,0,Ho-Chi-Minh
2017-07-04,79,2017,7,4,04JUL,0,0,0,Ho-Chi-Minh
2017-07-05,77,2017,7,5,05JUL,0,0,0,Ho-Chi-Minh
2017-07-06,100,2017,7,6,06JUL,0,0,0,Ho-Chi-Minh
2017-07-07,94,2017,7,7,07JUL,0,0,0,Ho-Chi-Minh
2017-07-08,104,2017,7,8,08JUL,0,0,0,Ho-Chi-Minh
2017-07-09,85,2017,7,9,09JUL,0,0,0,Ho-Chi-Minh
2017-07-10,75,2017,7,10,10JUL,0,0,0,Ho-Chi-Minh
2017-07-11,87,2017,7,11,11JUL,0,0,0,Ho-Chi-Minh
2017-07-19,94,2017,7,19,19JUL,0,0,0,Ho-Chi-Minh
2017-07-20,103,2017,7,20,20JUL,0,0,0,Ho-Chi-Minh
2017-07-21,100,2017,7,21,21JUL,0,0,0,Ho-Chi-Minh
2017-07-22,83,2017,7,22,22JUL,0,0,0,Ho-Chi-Minh
2017-07-23,80,2017,7,23,23JUL,0,0,0,Ho-Chi-Minh
2017-07-24,83,2017,7,24,24JUL,0,0,0,Ho-Chi-Minh
2017-07-25,89,2017,7,25,25JUL,0,0,0,Ho-Chi-Minh
2017-07-26,66,2017,7,26,26JUL,0,0,0,Ho-Chi-Minh
2017-07-27,67,2017,7,27,27JUL,0,0,0,Ho-Chi-Minh
2017-07-28,51,2017,7,28,28JUL,0,0,0,Ho-Chi-Minh
2017-07-29,56,2017,7,29,29JUL,0,0,0,Ho-Chi-Minh
2017-07-30,63,2017,7,30,30JUL,0,0,0,Ho-Chi-Minh
2017-07-31,71,2017,7,31,31JUL,0,0,0,Ho-Chi-Minh
2017-08-01,68,2017,8,1,01AUG,0,0,0,Ho-Chi-Minh
2017-08-02,70,2017,8,2,02AUG,0,0,0,Ho-Chi-Minh
2017-08-03,76,2017,8,3,03AUG,0,0,0,Ho-Chi-Minh
2017-08-04,72,2017,8,4,04AUG,0,0,0,Ho-Chi-Minh
2017-08-05,72,2017,8,5,05AUG,0,0,0,Ho-Chi-Minh
2017-08-06,85,2017,8,6,06AUG,0,0,0,Ho-Chi-Minh
2017-08-07,94,2017,8,7,07AUG,0,0,0,Ho-Chi-Minh
2017-08-08,93,2017,8,8,08AUG,0,0,0,Ho-Chi-Minh
2017-08-09,76,2017,8,9,09AUG,0,0,0,Ho-Chi-Minh
2017-08-10,60,2017,8,10,10AUG,0,0,0,Ho-Chi-Minh
2017-08-11,81,2017,8,11,11AUG,0,0,0,Ho-Chi-Minh
2017-08-12,71,2017,8,12,12AUG,0,0,0,Ho-Chi-Minh
2017-08-13,88,2017,8,13,13AUG,0,0,0,Ho-Chi-Minh
2017-08-14,57,2017,8,14,14AUG,0,0,0,Ho-Chi-Minh
2017-08-15,54,2017,8,15,15AUG,0,0,0,Ho-Chi-Minh
2017-08-16,44,2017,8,16,16AUG,0,0,0,Ho-Chi-Minh
2017-08-17,60,2017,8,17,17AUG,0,0,0,Ho-Chi-Minh
2017-08-18,72,2017,8,18,18AUG,0,0,0,Ho-Chi-Minh
2017-08-19,62,2017,8,19,19AUG,0,0,0,Ho-Chi-Minh
2017-08-20,89,2017,8,20,20AUG,0,0,0,Ho-Chi-Minh
2017-08-21,65,2017,8,21,21AUG,0,0,0,Ho-Chi-Minh
2017-08-22,74,2017,8,22,22AUG,0,0,0,Ho-Chi-Minh
2017-08-23,54,2017,8,23,23AUG,0,0,0,Ho-Chi-Minh
2017-08-24,49,2017,8,24,24AUG,0,0,0,Ho-Chi-Minh
2017-08-25,51,2017,8,25,25AUG,0,0,0,Ho-Chi-Minh
2017-08-26,58,2017,8,26,26AUG,0,0,0,Ho-Chi-Minh
2017-08-27,58,2017,8,27,27AUG,0,0,0,Ho-Chi-Minh
2017-08-28,31,2017,8,28,28AUG,0,0,0,Ho-Chi-Minh
2017-08-29,49,2017,8,29,29AUG,0,0,0,Ho-Chi-Minh
2017-08-30,75,2017,8,30,30AUG,0,0,0,Ho-Chi-Minh
2017-08-31,103,2017,8,31,31AUG,0,0,0,Ho-Chi-Minh
2017-09-01,112,2017,9,1,01SEP,0,0,0,Ho-Chi-Minh
2017-09-02,80,2017,9,2,02SEP,0,0,0,Ho-Chi-Minh
2017-09-03,59,2017,9,3,03SEP,0,0,0,Ho-Chi-Minh
2017-09-04,53,2017,9,4,04SEP,0,0,0,Ho-Chi-Minh
2017-09-05,52,2017,9,5,05SEP,0,0,0,Ho-Chi-Minh
2017-09-06,63,2017,9,6,06SEP,0,0,0,Ho-Chi-Minh
2017-09-07,58,2017,9,7,07SEP,0,0,0,Ho-Chi-Minh
2017-09-12,96,2017,9,12,12SEP,0,0,0,Ho-Chi-Minh
2017-09-13,104,2017,9,13,13SEP,0,0,0,Ho-Chi-Minh
2017-09-14,103,2017,9,14,14SEP,0,0,0,Ho-Chi-Minh
2017-09-15,60,2017,9,15,15SEP,0,0,0,Ho-Chi-Minh
2017-09-19,66,2017,9,19,19SEP,0,0,0,Ho-Chi-Minh
2017-09-20,82,2017,9,20,20SEP,0,0,0,Ho-Chi-Minh
2017-09-21,123,2017,9,21,21SEP,0,0,0,Ho-Chi-Minh
2017-09-22,139,2017,9,22,22SEP,0,0,0,Ho-Chi-Minh
2017-09-23,94,2017,9,23,23SEP,0,0,0,Ho-Chi-Minh
2017-09-24,69,2017,9,24,24SEP,0,0,0,Ho-Chi-Minh
2017-09-25,62,2017,9,25,25SEP,0,0,0,Ho-Chi-Minh
2017-09-26,64,2017,9,26,26SEP,0,0,0,Ho-Chi-Minh
2017-09-27,81,2017,9,27,27SEP,0,0,0,Ho-Chi-Minh
2017-09-28,82,2017,9,28,28SEP,0,0,0,Ho-Chi-Minh
2017-09-29,61,2017,9,29,29SEP,0,0,0,Ho-Chi-Minh
2017-09-30,96,2017,9,30,30SEP,0,0,0,Ho-Chi-Minh
2017-10-01,47,2017,10,1,01OCT,0,0,0,Ho-Chi-Minh
2017-04-02,92,2017,4,2,02APR,0,0,0,Ho-Chi-Minh
2017-04-03,110,2017,4,3,03APR,0,0,0,Ho-Chi-Minh
2017-04-04,97,2017,4,4,04APR,0,0,0,Ho-Chi-Minh
2017-04-05,114,2017,4,5,05APR,0,0,0,Ho-Chi-Minh
2017-04-06,81,2017,4,6,06APR,0,0,0,Ho-Chi-Minh
2017-04-07,71,2017,4,7,07APR,0,0,0,Ho-Chi-Minh
2017-04-08,76,2017,4,8,08APR,0,0,0,Ho-Chi-Minh
2017-04-09,87,2017,4,9,09APR,0,0,0,Ho-Chi-Minh
2017-04-10,73,2017,4,10,10APR,0,0,0,Ho-Chi-Minh
2017-04-11,67,2017,4,11,11APR,0,0,0,Ho-Chi-Minh
2017-04-12,66,2017,4,12,12APR,0,0,0,Ho-Chi-Minh
2017-04-13,74,2017,4,13,13APR,0,0,0,Ho-Chi-Minh
2017-04-14,61,2017,4,14,14APR,0,0,0,Ho-Chi-Minh
2017-04-15,36,2017,4,15,15APR,0,0,0,Ho-Chi-Minh
2017-04-16,53,2017,4,16,16APR,0,0,0,Ho-Chi-Minh
2017-04-17,48,2017,4,17,17APR,0,0,0,Ho-Chi-Minh
2017-04-18,37,2017,4,18,18APR,0,0,0,Ho-Chi-Minh
2017-04-19,48,2017,4,19,19APR,0,0,0,Ho-Chi-Minh
2017-04-20,49,2017,4,20,20APR,0,0,0,Ho-Chi-Minh
2017-04-21,31,2017,4,21,21APR,0,0,0,Ho-Chi-Minh
2017-04-22,38,2017,4,22,22APR,0,0,0,Ho-Chi-Minh
2017-04-23,72,2017,4,23,23APR,0,0,0,Ho-Chi-Minh
2017-04-24,81,2017,4,24,24APR,0,0,0,Ho-Chi-Minh
2017-04-25,70,2017,4,25,25APR,0,0,0,Ho-Chi-Minh
2017-04-26,70,2017,4,26,26APR,0,0,0,Ho-Chi-Minh
2017-04-27,76,2017,4,27,27APR,0,0,0,Ho-Chi-Minh
2017-04-28,70,2017,4,28,28APR,0,0,0,Ho-Chi-Minh
2017-05-04,49,2017,5,4,04MAY,0,0,0,Ho-Chi-Minh
2017-05-05,33,2017,5,5,05MAY,0,0,0,Ho-Chi-Minh
2017-05-06,87,2017,5,6,06MAY,0,0,0,Ho-Chi-Minh
2017-05-07,77,2017,5,7,07MAY,0,0,0,Ho-Chi-Minh
2017-05-08,94,2017,5,8,08MAY,0,0,0,Ho-Chi-Minh
2017-05-09,88,2017,5,9,09MAY,0,0,0,Ho-Chi-Minh
2017-05-10,77,2017,5,10,10MAY,0,0,0,Ho-Chi-Minh
2017-05-11,67,2017,5,11,11MAY,0,0,0,Ho-Chi-Minh
2017-05-12,64,2017,5,12,12MAY,0,0,0,Ho-Chi-Minh
2017-05-13,65,2017,5,13,13MAY,0,0,0,Ho-Chi-Minh
2017-05-14,91,2017,5,14,14MAY,0,0,0,Ho-Chi-Minh
2017-05-15,85,2017,5,15,15MAY,0,0,0,Ho-Chi-Minh
2017-05-16,81,2017,5,16,16MAY,0,0,0,Ho-Chi-Minh
2017-05-17,110,2017,5,17,17MAY,0,0,0,Ho-Chi-Minh
2017-05-18,86,2017,5,18,18MAY,0,0,0,Ho-Chi-Minh
2017-05-19,81,2017,5,19,19MAY,0,0,0,Ho-Chi-Minh
2017-05-20,73,2017,5,20,20MAY,0,0,0,Ho-Chi-Minh
2017-05-21,106,2017,5,21,21MAY,0,0,0,Ho-Chi-Minh
2017-05-22,67,2017,5,22,22MAY,0,0,0,Ho-Chi-Minh
2017-05-23,66,2017,5,23,23MAY,0,0,0,Ho-Chi-Minh
2017-05-24,69,2017,5,24,24MAY,0,0,0,Ho-Chi-Minh
2017-05-25,71,2017,5,25,25MAY,0,0,0,Ho-Chi-Minh
2017-05-26,80,2017,5,26,26MAY,0,0,0,Ho-Chi-Minh
2017-05-27,77,2017,5,27,27MAY,0,0,0,Ho-Chi-Minh
2017-05-28,84,2017,5,28,28MAY,0,0,0,Ho-Chi-Minh
2017-05-29,71,2017,5,29,29MAY,0,0,0,Ho-Chi-Minh
2017-05-30,91,2017,5,30,30MAY,0,0,0,Ho-Chi-Minh
2017-05-31,107,2017,5,31,31MAY,0,0,0,Ho-Chi-Minh
2017-06-01,109,2017,6,1,01JUN,0,0,0,Ho-Chi-Minh
2017-06-02,38,2017,6,2,02JUN,0,0,0,Ho-Chi-Minh
2017-06-03,36,2017,6,3,03JUN,0,0,0,Ho-Chi-Minh
2017-06-08,38,2017,6,8,08JUN,0,0,0,Ho-Chi-Minh
2017-06-09,62,2017,6,9,09JUN,0,0,0,Ho-Chi-Minh
2017-06-10,68,2017,6,10,10JUN,0,0,0,Ho-Chi-Minh
2017-06-11,70,2017,6,11,11JUN,0,0,0,Ho-Chi-Minh
2017-06-12,107,2017,6,12,12JUN,0,0,0,Ho-Chi-Minh
2017-06-13,93,2017,6,13,13JUN,0,0,0,Ho-Chi-Minh
2017-06-14,92,2017,6,14,14JUN,0,0,0,Ho-Chi-Minh
2017-06-15,81,2017,6,15,15JUN,0,0,0,Ho-Chi-Minh
2017-06-16,72,2017,6,16,16JUN,0,0,0,Ho-Chi-Minh
2017-06-17,91,2017,6,17,17JUN,0,0,0,Ho-Chi-Minh
2017-06-18,89,2017,6,18,18JUN,0,0,0,Ho-Chi-Minh
2017-06-19,85,2017,6,19,19JUN,0,0,0,Ho-Chi-Minh
2017-06-20,82,2017,6,20,20JUN,0,0,0,Ho-Chi-Minh
2017-06-21,76,2017,6,21,21JUN,0,0,0,Ho-Chi-Minh
2017-06-22,88,2017,6,22,22JUN,0,0,0,Ho-Chi-Minh
2017-06-23,104,2017,6,23,23JUN,0,0,0,Ho-Chi-Minh
2017-06-24,86,2017,6,24,24JUN,0,0,0,Ho-Chi-Minh
2017-06-25,79,2017,6,25,25JUN,0,0,0,Ho-Chi-Minh
2017-06-26,62,2017,6,26,26JUN,0,0,0,Ho-Chi-Minh
2017-06-27,78,2017,6,27,27JUN,0,0,0,Ho-Chi-Minh
2017-06-28,92,2017,6,28,28JUN,0,0,0,Ho-Chi-Minh
2017-06-29,61,2017,6,29,29JUN,0,0,0,Ho-Chi-Minh
2017-06-30,61,2017,6,30,30JUN,0,0,0,Ho-Chi-Minh
2017-07-01,68,2017,7,1,01JUL,0,0,0,Ho-Chi-Minh
2017-01-03,84,2017,1,3,03JAN,0,0,0,Ho-Chi-Minh
2017-01-04,109,2017,1,4,04JAN,0,0,0,Ho-Chi-Minh
2017-01-05,128,2017,1,5,05JAN,0,0,0,Ho-Chi-Minh
2017-01-06,118,2017,1,6,06JAN,0,0,0,Ho-Chi-Minh
2017-01-07,87,2017,1,7,07JAN,0,0,0,Ho-Chi-Minh
2017-01-08,104,2017,1,8,08JAN,0,0,0,Ho-Chi-Minh
2017-01-09,68,2017,1,9,09JAN,0,0,0,Ho-Chi-Minh
2017-01-10,79,2017,1,10,10JAN,0,0,0,Ho-Chi-Minh
2017-01-11,99,2017,1,11,11JAN,0,0,0,Ho-Chi-Minh
2017-01-12,112,2017,1,12,12JAN,0,0,0,Ho-Chi-Minh
2017-01-13,116,2017,1,13,13JAN,0,0,0,Ho-Chi-Minh
2017-01-14,123,2017,1,14,14JAN,0,0,0,Ho-Chi-Minh
2017-01-15,112,2017,1,15,15JAN,0,0,0,Ho-Chi-Minh
2017-01-16,118,2017,1,16,16JAN,0,0,0,Ho-Chi-Minh
2017-01-17,87,2017,1,17,17JAN,0,0,0,Ho-Chi-Minh
2017-01-18,103,2017,1,18,18JAN,0,0,0,Ho-Chi-Minh
2017-01-19,105,2017,1,19,19JAN,0,0,0,Ho-Chi-Minh
2017-01-20,125,2017,1,20,20JAN,0,0,0,Ho-Chi-Minh
2017-01-21,130,2017,1,21,21JAN,0,0,0,Ho-Chi-Minh
2017-01-22,109,2017,1,22,22JAN,0,0,0,Ho-Chi-Minh
2017-01-23,121,2017,1,23,23JAN,0,0,0,Ho-Chi-Minh
2017-01-24,106,2017,1,24,24JAN,0,0,0,Ho-Chi-Minh
2017-01-25,111,2017,1,25,25JAN,0,0,0,Ho-Chi-Minh
2017-01-26,133,2017,1,26,26JAN,0,0,0,Ho-Chi-Minh
2017-01-27,96,2017,1,27,27JAN,0,0,0,Ho-Chi-Minh
2017-01-28,89,2017,1,28,28JAN,0,0,0,Ho-Chi-Minh
2017-01-29,124,2017,1,29,29JAN,0,0,0,Ho-Chi-Minh
2017-01-30,110,2017,1,30,30JAN,0,0,0,Ho-Chi-Minh
2017-01-31,90,2017,1,31,31JAN,0,0,0,Ho-Chi-Minh
2017-02-01,101,2017,2,1,01FEB,0,0,0,Ho-Chi-Minh
2017-02-02,104,2017,2,2,02FEB,0,0,0,Ho-Chi-Minh
2017-02-03,92,2017,2,3,03FEB,0,0,0,Ho-Chi-Minh
2017-02-04,87,2017,2,4,04FEB,0,0,0,Ho-Chi-Minh
2017-02-05,78,2017,2,5,05FEB,0,0,0,Ho-Chi-Minh
2017-02-06,75,2017,2,6,06FEB,0,0,0,Ho-Chi-Minh
2017-02-07,93,2017,2,7,07FEB,0,0,0,Ho-Chi-Minh
2017-02-08,94,2017,2,8,08FEB,0,0,0,Ho-Chi-Minh
2017-02-09,120,2017,2,9,09FEB,0,0,0,Ho-Chi-Minh
2017-02-10,106,2017,2,10,10FEB,0,0,0,Ho-Chi-Minh
2017-02-11,117,2017,2,11,11FEB,0,0,0,Ho-Chi-Minh
2017-02-12,102,2017,2,12,12FEB,0,0,0,Ho-Chi-Minh
2017-02-13,105,2017,2,13,13FEB,0,0,0,Ho-Chi-Minh
2017-02-14,121,2017,2,14,14FEB,0,0,0,Ho-Chi-Minh
2017-02-15,118,2017,2,15,15FEB,0,0,0,Ho-Chi-Minh
2017-02-16,97,2017,2,16,16FEB,0,0,0,Ho-Chi-Minh
2017-02-17,109,2017,2,17,17FEB,0,0,0,Ho-Chi-Minh
2017-02-18,113,2017,2,18,18FEB,0,0,0,Ho-Chi-Minh
2017-02-19,122,2017,2,19,19FEB,0,0,0,Ho-Chi-Minh
2017-02-20,122,2017,2,20,20FEB,0,0,0,Ho-Chi-Minh
2017-02-21,94,2017,2,21,21FEB,0,0,0,Ho-Chi-Minh
2017-02-22,75,2017,2,22,22FEB,0,0,0,Ho-Chi-Minh
2017-02-23,73,2017,2,23,23FEB,0,0,0,Ho-Chi-Minh
2017-02-24,74,2017,2,24,24FEB,0,0,0,Ho-Chi-Minh
2017-02-25,76,2017,2,25,25FEB,0,0,0,Ho-Chi-Minh
2017-02-26,117,2017,2,26,26FEB,0,0,0,Ho-Chi-Minh
2017-02-27,128,2017,2,27,27FEB,0,0,0,Ho-Chi-Minh
2017-02-28,117,2017,2,28,28FEB,0,0,0,Ho-Chi-Minh
2017-03-01,94,2017,3,1,01MAR,0,0,0,Ho-Chi-Minh
2017-03-02,104,2017,3,2,02MAR,0,0,0,Ho-Chi-Minh
2017-03-03,119,2017,3,3,03MAR,0,0,0,Ho-Chi-Minh
2017-03-04,132,2017,3,4,04MAR,0,0,0,Ho-Chi-Minh
2017-03-05,136,2017,3,5,05MAR,0,0,0,Ho-Chi-Minh
2017-03-06,97,2017,3,6,06MAR,0,0,0,Ho-Chi-Minh
2017-03-07,88,2017,3,7,07MAR,0,0,0,Ho-Chi-Minh
2017-03-08,87,2017,3,8,08MAR,0,0,0,Ho-Chi-Minh
2017-03-09,85,2017,3,9,09MAR,0,0,0,Ho-Chi-Minh
2017-03-10,81,2017,3,10,10MAR,0,0,0,Ho-Chi-Minh
2017-03-11,94,2017,3,11,11MAR,0,0,0,Ho-Chi-Minh
2017-03-12,101,2017,3,12,12MAR,0,0,0,Ho-Chi-Minh
2017-03-13,85,2017,3,13,13MAR,0,0,0,Ho-Chi-Minh
2017-03-14,91,2017,3,14,14MAR,0,0,0,Ho-Chi-Minh
2017-03-15,80,2017,3,15,15MAR,0,0,0,Ho-Chi-Minh
2017-03-16,101,2017,3,16,16MAR,0,0,0,Ho-Chi-Minh
2017-03-17,96,2017,3,17,17MAR,0,0,0,Ho-Chi-Minh
2017-03-18,89,2017,3,18,18MAR,0,0,0,Ho-Chi-Minh
2017-03-19,87,2017,3,19,19MAR,0,0,0,Ho-Chi-Minh
2017-03-20,94,2017,3,20,20MAR,0,0,0,Ho-Chi-Minh
2017-03-21,97,2017,3,21,21MAR,0,0,0,Ho-Chi-Minh
2017-03-22,5,2017,3,22,22MAR,0,0,0,Ho-Chi-Minh
2017-03-23,13,2017,3,23,23MAR,0,0,0,Ho-Chi-Minh
2017-03-24,56,2017,3,24,24MAR,0,0,0,Ho-Chi-Minh
2017-03-25,65,2017,3,25,25MAR,0,0,0,Ho-Chi-Minh
2017-03-26,67,2017,3,26,26MAR,0,0,0,Ho-Chi-Minh
2017-03-27,70,2017,3,27,27MAR,0,0,0,Ho-Chi-Minh
2017-03-28,87,2017,3,28,28MAR,0,0,0,Ho-Chi-Minh
2017-03-29,95,2017,3,29,29MAR,0,0,0,Ho-Chi-Minh
2017-03-30,90,2017,3,30,30MAR,0,0,0,Ho-Chi-Minh
2017-03-31,109,2017,3,31,31MAR,0,0,0,Ho-Chi-Minh
2017-04-01,88,2017,4,1,01APR,0,0,0,Ho-Chi-Minh
2017-01-01,109,2017,1,1,01JAN,0,0,0,Ho-Chi-Minh
2018-10-02,84,2018,10,2,02OCT,0,0,0,Ho-Chi-Minh
2018-10-03,98,2018,10,3,03OCT,0,0,0,Ho-Chi-Minh
2018-10-04,81,2018,10,4,04OCT,0,0,0,Ho-Chi-Minh
2018-10-05,59,2018,10,5,05OCT,0,0,0,Ho-Chi-Minh
2018-10-06,56,2018,10,6,06OCT,0,0,0,Ho-Chi-Minh
2018-10-07,102,2018,10,7,07OCT,0,0,0,Ho-Chi-Minh
2018-10-08,102,2018,10,8,08OCT,0,0,0,Ho-Chi-Minh
2018-10-09,118,2018,10,9,09OCT,0,0,0,Ho-Chi-Minh
2018-10-10,100,2018,10,10,10OCT,0,0,0,Ho-Chi-Minh
2018-10-11,89,2018,10,11,11OCT,0,0,0,Ho-Chi-Minh
2018-10-12,84,2018,10,12,12OCT,0,0,0,Ho-Chi-Minh
2018-10-13,89,2018,10,13,13OCT,0,0,0,Ho-Chi-Minh
2018-10-14,86,2018,10,14,14OCT,0,0,0,Ho-Chi-Minh
2018-10-15,72,2018,10,15,15OCT,0,0,0,Ho-Chi-Minh
2018-10-16,56,2018,10,16,16OCT,0,0,0,Ho-Chi-Minh
2018-10-17,44,2018,10,17,17OCT,0,0,0,Ho-Chi-Minh
2018-10-18,50,2018,10,18,18OCT,0,0,0,Ho-Chi-Minh
2018-10-19,106,2018,10,19,19OCT,0,0,0,Ho-Chi-Minh
2018-10-26,53,2018,10,26,26OCT,0,0,0,Ho-Chi-Minh
2018-10-27,66,2018,10,27,27OCT,0,0,0,Ho-Chi-Minh
2018-10-28,69,2018,10,28,28OCT,0,0,0,Ho-Chi-Minh
2018-10-29,62,2018,10,29,29OCT,0,0,0,Ho-Chi-Minh
2018-10-30,110,2018,10,30,30OCT,0,0,0,Ho-Chi-Minh
2018-10-31,103,2018,10,31,31OCT,0,0,0,Ho-Chi-Minh
2018-11-01,91,2018,11,1,01NOV,0,0,0,Ho-Chi-Minh
2018-11-02,101,2018,11,2,02NOV,0,0,0,Ho-Chi-Minh
2018-11-03,108,2018,11,3,03NOV,0,0,0,Ho-Chi-Minh
2018-11-04,101,2018,11,4,04NOV,0,0,0,Ho-Chi-Minh
2018-11-05,69,2018,11,5,05NOV,0,0,0,Ho-Chi-Minh
2018-11-06,91,2018,11,6,06NOV,0,0,0,Ho-Chi-Minh
2018-11-07,91,2018,11,7,07NOV,0,0,0,Ho-Chi-Minh
2018-11-08,50,2018,11,8,08NOV,0,0,0,Ho-Chi-Minh
2018-11-09,42,2018,11,9,09NOV,0,0,0,Ho-Chi-Minh
2018-11-10,46,2018,11,10,10NOV,0,0,0,Ho-Chi-Minh
2018-11-11,59,2018,11,11,11NOV,0,0,0,Ho-Chi-Minh
2018-11-12,57,2018,11,12,12NOV,0,0,0,Ho-Chi-Minh
2018-11-13,73,2018,11,13,13NOV,0,0,0,Ho-Chi-Minh
2018-11-14,78,2018,11,14,14NOV,0,0,0,Ho-Chi-Minh
2018-11-15,80,2018,11,15,15NOV,0,0,0,Ho-Chi-Minh
2018-11-16,83,2018,11,16,16NOV,0,0,0,Ho-Chi-Minh
2018-11-17,77,2018,11,17,17NOV,0,0,0,Ho-Chi-Minh
2018-11-18,78,2018,11,18,18NOV,0,0,0,Ho-Chi-Minh
2018-11-19,74,2018,11,19,19NOV,0,0,0,Ho-Chi-Minh
2018-11-20,47,2018,11,20,20NOV,0,0,0,Ho-Chi-Minh
2018-11-21,53,2018,11,21,21NOV,0,0,0,Ho-Chi-Minh
2018-11-22,77,2018,11,22,22NOV,0,0,0,Ho-Chi-Minh
2018-11-23,90,2018,11,23,23NOV,0,0,0,Ho-Chi-Minh
2018-11-24,73,2018,11,24,24NOV,0,0,0,Ho-Chi-Minh
2018-11-25,58,2018,11,25,25NOV,0,0,0,Ho-Chi-Minh
2018-11-26,31,2018,11,26,26NOV,0,0,0,Ho-Chi-Minh
2018-11-27,38,2018,11,27,27NOV,0,0,0,Ho-Chi-Minh
2018-11-28,48,2018,11,28,28NOV,0,0,0,Ho-Chi-Minh
2018-11-29,99,2018,11,29,29NOV,0,0,0,Ho-Chi-Minh
2018-11-30,68,2018,11,30,30NOV,0,0,0,Ho-Chi-Minh
2018-12-01,93,2018,12,1,01DEC,0,0,0,Ho-Chi-Minh
2018-12-02,79,2018,12,2,02DEC,0,0,0,Ho-Chi-Minh
2018-12-03,67,2018,12,3,03DEC,0,0,0,Ho-Chi-Minh
2018-12-04,91,2018,12,4,04DEC,0,0,0,Ho-Chi-Minh
2018-12-05,82,2018,12,5,05DEC,0,0,0,Ho-Chi-Minh
2018-12-06,61,2018,12,6,06DEC,0,0,0,Ho-Chi-Minh
2018-12-07,77,2018,12,7,07DEC,0,0,0,Ho-Chi-Minh
2018-12-08,91,2018,12,8,08DEC,0,0,0,Ho-Chi-Minh
2018-12-09,57,2018,12,9,09DEC,0,0,0,Ho-Chi-Minh
2018-12-10,76,2018,12,10,10DEC,0,0,0,Ho-Chi-Minh
2018-12-11,52,2018,12,11,11DEC,0,0,0,Ho-Chi-Minh
2018-12-12,74,2018,12,12,12DEC,0,0,0,Ho-Chi-Minh
2018-12-13,93,2018,12,13,13DEC,0,0,0,Ho-Chi-Minh
2018-12-14,80,2018,12,14,14DEC,0,0,0,Ho-Chi-Minh
2018-12-15,80,2018,12,15,15DEC,0,0,0,Ho-Chi-Minh
2018-12-16,67,2018,12,16,16DEC,0,0,0,Ho-Chi-Minh
2018-12-17,64,2018,12,17,17DEC,0,0,0,Ho-Chi-Minh
2018-12-18,105,2018,12,18,18DEC,0,0,0,Ho-Chi-Minh
2018-12-22,112,2018,12,22,22DEC,0,0,0,Ho-Chi-Minh
2018-12-23,104,2018,12,23,23DEC,0,0,0,Ho-Chi-Minh
2018-12-24,121,2018,12,24,24DEC,0,0,0,Ho-Chi-Minh
2018-12-25,86,2018,12,25,25DEC,0,0,0,Ho-Chi-Minh
2018-12-26,98,2018,12,26,26DEC,0,0,0,Ho-Chi-Minh
2018-12-27,77,2018,12,27,27DEC,0,0,0,Ho-Chi-Minh
2018-12-28,91,2018,12,28,28DEC,0,0,0,Ho-Chi-Minh
2018-12-29,111,2018,12,29,29DEC,0,0,0,Ho-Chi-Minh
2018-12-30,100,2018,12,30,30DEC,0,0,0,Ho-Chi-Minh
2018-12-31,79,2018,12,31,31DEC,0,0,0,Ho-Chi-Minh
2018-07-02,60,2018,7,2,02JUL,0,0,0,Ho-Chi-Minh
2018-07-03,62,2018,7,3,03JUL,0,0,0,Ho-Chi-Minh
2018-07-04,50,2018,7,4,04JUL,0,0,0,Ho-Chi-Minh
2018-07-05,32,2018,7,5,05JUL,0,0,0,Ho-Chi-Minh
2018-07-06,42,2018,7,6,06JUL,0,0,0,Ho-Chi-Minh
2018-07-07,52,2018,7,7,07JUL,0,0,0,Ho-Chi-Minh
2018-07-08,53,2018,7,8,08JUL,0,0,0,Ho-Chi-Minh
2018-07-09,55,2018,7,9,09JUL,0,0,0,Ho-Chi-Minh
2018-07-10,56,2018,7,10,10JUL,0,0,0,Ho-Chi-Minh
2018-07-11,57,2018,7,11,11JUL,0,0,0,Ho-Chi-Minh
2018-07-12,44,2018,7,12,12JUL,0,0,0,Ho-Chi-Minh
2018-07-13,32,2018,7,13,13JUL,0,0,0,Ho-Chi-Minh
2018-07-14,41,2018,7,14,14JUL,0,0,0,Ho-Chi-Minh
2018-07-15,49,2018,7,15,15JUL,0,0,0,Ho-Chi-Minh
2018-07-16,59,2018,7,16,16JUL,0,0,0,Ho-Chi-Minh
2018-07-17,58,2018,7,17,17JUL,0,0,0,Ho-Chi-Minh
2018-07-18,50,2018,7,18,18JUL,0,0,0,Ho-Chi-Minh
2018-07-19,49,2018,7,19,19JUL,0,0,0,Ho-Chi-Minh
2018-07-20,61,2018,7,20,20JUL,0,0,0,Ho-Chi-Minh
2018-07-21,70,2018,7,21,21JUL,0,0,0,Ho-Chi-Minh
2018-07-22,62,2018,7,22,22JUL,0,0,0,Ho-Chi-Minh
2018-07-23,58,2018,7,23,23JUL,0,0,0,Ho-Chi-Minh
2018-07-24,62,2018,7,24,24JUL,0,0,0,Ho-Chi-Minh
2018-07-25,58,2018,7,25,25JUL,0,0,0,Ho-Chi-Minh
2018-07-26,69,2018,7,26,26JUL,0,0,0,Ho-Chi-Minh
2018-07-27,71,2018,7,27,27JUL,0,0,0,Ho-Chi-Minh
2018-07-28,65,2018,7,28,28JUL,0,0,0,Ho-Chi-Minh
2018-07-29,60,2018,7,29,29JUL,0,0,0,Ho-Chi-Minh
2018-07-30,52,2018,7,30,30JUL,0,0,0,Ho-Chi-Minh
2018-07-31,51,2018,7,31,31JUL,0,0,0,Ho-Chi-Minh
2018-08-01,76,2018,8,1,01AUG,0,0,0,Ho-Chi-Minh
2018-08-02,81,2018,8,2,02AUG,0,0,0,Ho-Chi-Minh
2018-08-03,61,2018,8,3,03AUG,0,0,0,Ho-Chi-Minh
2018-08-04,66,2018,8,4,04AUG,0,0,0,Ho-Chi-Minh
2018-08-05,60,2018,8,5,05AUG,0,0,0,Ho-Chi-Minh
2018-08-06,64,2018,8,6,06AUG,0,0,0,Ho-Chi-Minh
2018-08-07,80,2018,8,7,07AUG,0,0,0,Ho-Chi-Minh
2018-08-08,78,2018,8,8,08AUG,0,0,0,Ho-Chi-Minh
2018-08-09,65,2018,8,9,09AUG,0,0,0,Ho-Chi-Minh
2018-08-10,60,2018,8,10,10AUG,0,0,0,Ho-Chi-Minh
2018-08-11,52,2018,8,11,11AUG,0,0,0,Ho-Chi-Minh
2018-08-12,53,2018,8,12,12AUG,0,0,0,Ho-Chi-Minh
2018-08-13,59,2018,8,13,13AUG,0,0,0,Ho-Chi-Minh
2018-08-14,64,2018,8,14,14AUG,0,0,0,Ho-Chi-Minh
2018-08-15,83,2018,8,15,15AUG,0,0,0,Ho-Chi-Minh
2018-08-16,73,2018,8,16,16AUG,0,0,0,Ho-Chi-Minh
2018-08-17,73,2018,8,17,17AUG,0,0,0,Ho-Chi-Minh
2018-08-18,58,2018,8,18,18AUG,0,0,0,Ho-Chi-Minh
2018-08-19,58,2018,8,19,19AUG,0,0,0,Ho-Chi-Minh
2018-08-20,65,2018,8,20,20AUG,0,0,0,Ho-Chi-Minh
2018-08-21,64,2018,8,21,21AUG,0,0,0,Ho-Chi-Minh
2018-08-22,64,2018,8,22,22AUG,0,0,0,Ho-Chi-Minh
2018-08-23,65,2018,8,23,23AUG,0,0,0,Ho-Chi-Minh
2018-08-24,58,2018,8,24,24AUG,0,0,0,Ho-Chi-Minh
2018-08-25,62,2018,8,25,25AUG,0,0,0,Ho-Chi-Minh
2018-08-26,61,2018,8,26,26AUG,0,0,0,Ho-Chi-Minh
2018-08-27,54,2018,8,27,27AUG,0,0,0,Ho-Chi-Minh
2018-08-28,64,2018,8,28,28AUG,0,0,0,Ho-Chi-Minh
2018-08-29,60,2018,8,29,29AUG,0,0,0,Ho-Chi-Minh
2018-08-30,73,2018,8,30,30AUG,0,0,0,Ho-Chi-Minh
2018-08-31,63,2018,8,31,31AUG,0,0,0,Ho-Chi-Minh
2018-09-01,77,2018,9,1,01SEP,0,0,0,Ho-Chi-Minh
2018-09-02,66,2018,9,2,02SEP,0,0,0,Ho-Chi-Minh
2018-09-03,69,2018,9,3,03SEP,0,0,0,Ho-Chi-Minh
2018-09-04,53,2018,9,4,04SEP,0,0,0,Ho-Chi-Minh
2018-09-05,61,2018,9,5,05SEP,0,0,0,Ho-Chi-Minh
2018-09-06,52,2018,9,6,06SEP,0,0,0,Ho-Chi-Minh
2018-09-07,53,2018,9,7,07SEP,0,0,0,Ho-Chi-Minh
2018-09-08,75,2018,9,8,08SEP,0,0,0,Ho-Chi-Minh
2018-09-09,78,2018,9,9,09SEP,0,0,0,Ho-Chi-Minh
2018-09-10,82,2018,9,10,10SEP,0,0,0,Ho-Chi-Minh
2018-09-11,63,2018,9,11,11SEP,0,0,0,Ho-Chi-Minh
2018-09-12,73,2018,9,12,12SEP,0,0,0,Ho-Chi-Minh
2018-09-13,62,2018,9,13,13SEP,0,0,0,Ho-Chi-Minh
2018-09-14,79,2018,9,14,14SEP,0,0,0,Ho-Chi-Minh
2018-09-15,55,2018,9,15,15SEP,0,0,0,Ho-Chi-Minh
2018-09-16,54,2018,9,16,16SEP,0,0,0,Ho-Chi-Minh
2018-09-17,43,2018,9,17,17SEP,0,0,0,Ho-Chi-Minh
2018-09-18,39,2018,9,18,18SEP,0,0,0,Ho-Chi-Minh
2018-09-19,45,2018,9,19,19SEP,0,0,0,Ho-Chi-Minh
2018-09-20,68,2018,9,20,20SEP,0,0,0,Ho-Chi-Minh
2018-09-21,102,2018,9,21,21SEP,0,0,0,Ho-Chi-Minh
2018-09-22,77,2018,9,22,22SEP,0,0,0,Ho-Chi-Minh
2018-09-23,71,2018,9,23,23SEP,0,0,0,Ho-Chi-Minh
2018-09-24,93,2018,9,24,24SEP,0,0,0,Ho-Chi-Minh
2018-09-25,121,2018,9,25,25SEP,0,0,0,Ho-Chi-Minh
2018-09-26,71,2018,9,26,26SEP,0,0,0,Ho-Chi-Minh
2018-09-27,63,2018,9,27,27SEP,0,0,0,Ho-Chi-Minh
2018-09-28,62,2018,9,28,28SEP,0,0,0,Ho-Chi-Minh
2018-09-29,64,2018,9,29,29SEP,0,0,0,Ho-Chi-Minh
2018-09-30,68,2018,9,30,30SEP,0,0,0,Ho-Chi-Minh
2018-10-01,39,2018,10,1,01OCT,0,0,0,Ho-Chi-Minh
2018-04-02,91,2018,4,2,02APR,0,0,0,Ho-Chi-Minh
2018-04-03,88,2018,4,3,03APR,0,0,0,Ho-Chi-Minh
2018-04-04,74,2018,4,4,04APR,0,0,0,Ho-Chi-Minh
2018-04-05,66,2018,4,5,05APR,0,0,0,Ho-Chi-Minh
2018-04-06,65,2018,4,6,06APR,0,0,0,Ho-Chi-Minh
2018-04-07,68,2018,4,7,07APR,0,0,0,Ho-Chi-Minh
2018-04-08,77,2018,4,8,08APR,0,0,0,Ho-Chi-Minh
2018-04-09,98,2018,4,9,09APR,0,0,0,Ho-Chi-Minh
2018-04-10,112,2018,4,10,10APR,0,0,0,Ho-Chi-Minh
2018-04-11,89,2018,4,11,11APR,0,0,0,Ho-Chi-Minh
2018-04-12,60,2018,4,12,12APR,0,0,0,Ho-Chi-Minh
2018-04-13,58,2018,4,13,13APR,0,0,0,Ho-Chi-Minh
2018-04-14,59,2018,4,14,14APR,0,0,0,Ho-Chi-Minh
2018-04-15,59,2018,4,15,15APR,0,0,0,Ho-Chi-Minh
2018-04-16,60,2018,4,16,16APR,0,0,0,Ho-Chi-Minh
2018-04-17,66,2018,4,17,17APR,0,0,0,Ho-Chi-Minh
2018-04-18,73,2018,4,18,18APR,0,0,0,Ho-Chi-Minh
2018-04-19,91,2018,4,19,19APR,0,0,0,Ho-Chi-Minh
2018-04-20,72,2018,4,20,20APR,0,0,0,Ho-Chi-Minh
2018-04-21,76,2018,4,21,21APR,0,0,0,Ho-Chi-Minh
2018-04-22,76,2018,4,22,22APR,0,0,0,Ho-Chi-Minh
2018-04-23,83,2018,4,23,23APR,0,0,0,Ho-Chi-Minh
2018-04-24,77,2018,4,24,24APR,0,0,0,Ho-Chi-Minh
2018-04-25,59,2018,4,25,25APR,0,0,0,Ho-Chi-Minh
2018-04-26,51,2018,4,26,26APR,0,0,0,Ho-Chi-Minh
2018-04-28,49,2018,4,28,28APR,0,0,0,Ho-Chi-Minh
2018-04-29,46,2018,4,29,29APR,0,0,0,Ho-Chi-Minh
2018-04-30,49,2018,4,30,30APR,0,0,0,Ho-Chi-Minh
2018-05-01,57,2018,5,1,01MAY,0,0,0,Ho-Chi-Minh
2018-05-02,53,2018,5,2,02MAY,0,0,0,Ho-Chi-Minh
2018-05-03,46,2018,5,3,03MAY,0,0,0,Ho-Chi-Minh
2018-05-04,56,2018,5,4,04MAY,0,0,0,Ho-Chi-Minh
2018-05-05,82,2018,5,5,05MAY,0,0,0,Ho-Chi-Minh
2018-05-06,88,2018,5,6,06MAY,0,0,0,Ho-Chi-Minh
2018-05-07,59,2018,5,7,07MAY,0,0,0,Ho-Chi-Minh
2018-05-08,80,2018,5,8,08MAY,0,0,0,Ho-Chi-Minh
2018-05-09,84,2018,5,9,09MAY,0,0,0,Ho-Chi-Minh
2018-05-10,71,2018,5,10,10MAY,0,0,0,Ho-Chi-Minh
2018-05-11,109,2018,5,11,11MAY,0,0,0,Ho-Chi-Minh
2018-05-12,79,2018,5,12,12MAY,0,0,0,Ho-Chi-Minh
2018-05-13,82,2018,5,13,13MAY,0,0,0,Ho-Chi-Minh
2018-05-14,81,2018,5,14,14MAY,0,0,0,Ho-Chi-Minh
2018-05-15,81,2018,5,15,15MAY,0,0,0,Ho-Chi-Minh
2018-05-16,62,2018,5,16,16MAY,0,0,0,Ho-Chi-Minh
2018-05-17,54,2018,5,17,17MAY,0,0,0,Ho-Chi-Minh
2018-05-18,55,2018,5,18,18MAY,0,0,0,Ho-Chi-Minh
2018-05-19,95,2018,5,19,19MAY,0,0,0,Ho-Chi-Minh
2018-05-20,75,2018,5,20,20MAY,0,0,0,Ho-Chi-Minh
2018-05-21,86,2018,5,21,21MAY,0,0,0,Ho-Chi-Minh
2018-05-22,87,2018,5,22,22MAY,0,0,0,Ho-Chi-Minh
2018-05-23,116,2018,5,23,23MAY,0,0,0,Ho-Chi-Minh
2018-05-24,84,2018,5,24,24MAY,0,0,0,Ho-Chi-Minh
2018-05-25,113,2018,5,25,25MAY,0,0,0,Ho-Chi-Minh
2018-05-26,97,2018,5,26,26MAY,0,0,0,Ho-Chi-Minh
2018-05-27,98,2018,5,27,27MAY,0,0,0,Ho-Chi-Minh
2018-05-28,97,2018,5,28,28MAY,0,0,0,Ho-Chi-Minh
2018-05-29,108,2018,5,29,29MAY,0,0,0,Ho-Chi-Minh
2018-05-30,106,2018,5,30,30MAY,0,0,0,Ho-Chi-Minh
2018-05-31,75,2018,5,31,31MAY,0,0,0,Ho-Chi-Minh
2018-06-01,73,2018,6,1,01JUN,0,0,0,Ho-Chi-Minh
2018-06-02,65,2018,6,2,02JUN,0,0,0,Ho-Chi-Minh
2018-06-03,80,2018,6,3,03JUN,0,0,0,Ho-Chi-Minh
2018-06-04,63,2018,6,4,04JUN,0,0,0,Ho-Chi-Minh
2018-06-05,66,2018,6,5,05JUN,0,0,0,Ho-Chi-Minh
2018-06-06,59,2018,6,6,06JUN,0,0,0,Ho-Chi-Minh
2018-06-07,78,2018,6,7,07JUN,0,0,0,Ho-Chi-Minh
2018-06-08,71,2018,6,8,08JUN,0,0,0,Ho-Chi-Minh
2018-06-09,64,2018,6,9,09JUN,0,0,0,Ho-Chi-Minh
2018-06-10,66,2018,6,10,10JUN,0,0,0,Ho-Chi-Minh
2018-06-11,70,2018,6,11,11JUN,0,0,0,Ho-Chi-Minh
2018-06-12,78,2018,6,12,12JUN,0,0,0,Ho-Chi-Minh
2018-06-13,83,2018,6,13,13JUN,0,0,0,Ho-Chi-Minh
2018-06-14,71,2018,6,14,14JUN,0,0,0,Ho-Chi-Minh
2018-06-15,79,2018,6,15,15JUN,0,0,0,Ho-Chi-Minh
2018-06-16,54,2018,6,16,16JUN,0,0,0,Ho-Chi-Minh
2018-06-17,35,2018,6,17,17JUN,0,0,0,Ho-Chi-Minh
2018-06-19,17,2018,6,19,19JUN,0,0,0,Ho-Chi-Minh
2018-06-20,35,2018,6,20,20JUN,0,0,0,Ho-Chi-Minh
2018-06-21,44,2018,6,21,21JUN,0,0,0,Ho-Chi-Minh
2018-06-22,49,2018,6,22,22JUN,0,0,0,Ho-Chi-Minh
2018-06-23,61,2018,6,23,23JUN,0,0,0,Ho-Chi-Minh
2018-06-24,70,2018,6,24,24JUN,0,0,0,Ho-Chi-Minh
2018-06-25,68,2018,6,25,25JUN,0,0,0,Ho-Chi-Minh
2018-06-26,74,2018,6,26,26JUN,0,0,0,Ho-Chi-Minh
2018-06-27,65,2018,6,27,27JUN,0,0,0,Ho-Chi-Minh
2018-06-28,87,2018,6,28,28JUN,0,0,0,Ho-Chi-Minh
2018-06-29,109,2018,6,29,29JUN,0,0,0,Ho-Chi-Minh
2018-06-30,78,2018,6,30,30JUN,0,0,0,Ho-Chi-Minh
2018-07-01,68,2018,7,1,01JUL,0,0,0,Ho-Chi-Minh
2018-01-02,96,2018,1,2,02JAN,0,0,0,Ho-Chi-Minh
2018-01-03,104,2018,1,3,03JAN,0,0,0,Ho-Chi-Minh
2018-01-04,135,2018,1,4,04JAN,0,0,0,Ho-Chi-Minh
2018-01-05,121,2018,1,5,05JAN,0,0,0,Ho-Chi-Minh
2018-01-06,61,2018,1,6,06JAN,0,0,0,Ho-Chi-Minh
2018-01-07,57,2018,1,7,07JAN,0,0,0,Ho-Chi-Minh
2018-01-08,55,2018,1,8,08JAN,0,0,0,Ho-Chi-Minh
2018-01-09,61,2018,1,9,09JAN,0,0,0,Ho-Chi-Minh
2018-01-10,74,2018,1,10,10JAN,0,0,0,Ho-Chi-Minh
2018-01-11,113,2018,1,11,11JAN,0,0,0,Ho-Chi-Minh
2018-01-12,89,2018,1,12,12JAN,0,0,0,Ho-Chi-Minh
2018-01-13,78,2018,1,13,13JAN,0,0,0,Ho-Chi-Minh
2018-01-14,126,2018,1,14,14JAN,0,0,0,Ho-Chi-Minh
2018-01-16,132,2018,1,16,16JAN,0,0,0,Ho-Chi-Minh
2018-01-17,122,2018,1,17,17JAN,0,0,0,Ho-Chi-Minh
2018-01-18,109,2018,1,18,18JAN,0,0,0,Ho-Chi-Minh
2018-01-19,134,2018,1,19,19JAN,0,0,0,Ho-Chi-Minh
2018-01-20,115,2018,1,20,20JAN,0,0,0,Ho-Chi-Minh
2018-01-21,122,2018,1,21,21JAN,0,0,0,Ho-Chi-Minh
2018-01-22,118,2018,1,22,22JAN,0,0,0,Ho-Chi-Minh
2018-01-23,141,2018,1,23,23JAN,0,0,0,Ho-Chi-Minh
2018-01-24,106,2018,1,24,24JAN,0,0,0,Ho-Chi-Minh
2018-01-25,109,2018,1,25,25JAN,0,0,0,Ho-Chi-Minh
2018-01-26,108,2018,1,26,26JAN,0,0,0,Ho-Chi-Minh
2018-01-27,117,2018,1,27,27JAN,0,0,0,Ho-Chi-Minh
2018-01-28,130,2018,1,28,28JAN,0,0,0,Ho-Chi-Minh
2018-01-29,97,2018,1,29,29JAN,0,0,0,Ho-Chi-Minh
2018-01-30,97,2018,1,30,30JAN,0,0,0,Ho-Chi-Minh
2018-01-31,116,2018,1,31,31JAN,0,0,0,Ho-Chi-Minh
2018-02-01,119,2018,2,1,01FEB,0,0,0,Ho-Chi-Minh
2018-02-02,112,2018,2,2,02FEB,0,0,0,Ho-Chi-Minh
2018-02-03,118,2018,2,3,03FEB,0,0,0,Ho-Chi-Minh
2018-02-04,137,2018,2,4,04FEB,0,0,0,Ho-Chi-Minh
2018-02-05,123,2018,2,5,05FEB,0,0,0,Ho-Chi-Minh
2018-02-06,140,2018,2,6,06FEB,0,0,0,Ho-Chi-Minh
2018-02-07,147,2018,2,7,07FEB,0,0,0,Ho-Chi-Minh
2018-02-08,142,2018,2,8,08FEB,0,0,0,Ho-Chi-Minh
2018-02-09,135,2018,2,9,09FEB,0,0,0,Ho-Chi-Minh
2018-02-10,126,2018,2,10,10FEB,0,0,0,Ho-Chi-Minh
2018-02-11,126,2018,2,11,11FEB,0,0,0,Ho-Chi-Minh
2018-02-12,137,2018,2,12,12FEB,0,0,0,Ho-Chi-Minh
2018-02-13,124,2018,2,13,13FEB,0,0,0,Ho-Chi-Minh
2018-02-14,134,2018,2,14,14FEB,0,0,0,Ho-Chi-Minh
2018-02-15,142,2018,2,15,15FEB,0,0,0,Ho-Chi-Minh
2018-02-16,133,2018,2,16,16FEB,0,0,0,Ho-Chi-Minh
2018-02-17,123,2018,2,17,17FEB,0,0,0,Ho-Chi-Minh
2018-02-18,92,2018,2,18,18FEB,0,0,0,Ho-Chi-Minh
2018-02-19,71,2018,2,19,19FEB,0,0,0,Ho-Chi-Minh
2018-02-20,72,2018,2,20,20FEB,0,0,0,Ho-Chi-Minh
2018-02-21,73,2018,2,21,21FEB,0,0,0,Ho-Chi-Minh
2018-02-22,69,2018,2,22,22FEB,0,0,0,Ho-Chi-Minh
2018-02-23,79,2018,2,23,23FEB,0,0,0,Ho-Chi-Minh
2018-02-24,90,2018,2,24,24FEB,0,0,0,Ho-Chi-Minh
2018-02-25,85,2018,2,25,25FEB,0,0,0,Ho-Chi-Minh
2018-02-26,98,2018,2,26,26FEB,0,0,0,Ho-Chi-Minh
2018-02-27,110,2018,2,27,27FEB,0,0,0,Ho-Chi-Minh
2018-02-28,114,2018,2,28,28FEB,0,0,0,Ho-Chi-Minh
2018-03-01,86,2018,3,1,01MAR,0,0,0,Ho-Chi-Minh
2018-03-02,53,2018,3,2,02MAR,0,0,0,Ho-Chi-Minh
2018-03-03,69,2018,3,3,03MAR,0,0,0,Ho-Chi-Minh
2018-03-04,68,2018,3,4,04MAR,0,0,0,Ho-Chi-Minh
2018-03-05,73,2018,3,5,05MAR,0,0,0,Ho-Chi-Minh
2018-03-06,73,2018,3,6,06MAR,0,0,0,Ho-Chi-Minh
2018-03-07,74,2018,3,7,07MAR,0,0,0,Ho-Chi-Minh
2018-03-08,81,2018,3,8,08MAR,0,0,0,Ho-Chi-Minh
2018-03-09,89,2018,3,9,09MAR,0,0,0,Ho-Chi-Minh
2018-03-10,108,2018,3,10,10MAR,0,0,0,Ho-Chi-Minh
2018-03-11,117,2018,3,11,11MAR,0,0,0,Ho-Chi-Minh
2018-03-12,104,2018,3,12,12MAR,0,0,0,Ho-Chi-Minh
2018-03-13,123,2018,3,13,13MAR,0,0,0,Ho-Chi-Minh
2018-03-14,85,2018,3,14,14MAR,0,0,0,Ho-Chi-Minh
2018-03-15,52,2018,3,15,15MAR,0,0,0,Ho-Chi-Minh
2018-03-16,54,2018,3,16,16MAR,0,0,0,Ho-Chi-Minh
2018-03-17,50,2018,3,17,17MAR,0,0,0,Ho-Chi-Minh
2018-03-18,61,2018,3,18,18MAR,0,0,0,Ho-Chi-Minh
2018-03-19,68,2018,3,19,19MAR,0,0,0,Ho-Chi-Minh
2018-03-20,65,2018,3,20,20MAR,0,0,0,Ho-Chi-Minh
2018-03-21,66,2018,3,21,21MAR,0,0,0,Ho-Chi-Minh
2018-03-22,79,2018,3,22,22MAR,0,0,0,Ho-Chi-Minh
2018-03-23,106,2018,3,23,23MAR,0,0,0,Ho-Chi-Minh
2018-03-24,107,2018,3,24,24MAR,0,0,0,Ho-Chi-Minh
2018-03-25,105,2018,3,25,25MAR,0,0,0,Ho-Chi-Minh
2018-03-26,85,2018,3,26,26MAR,0,0,0,Ho-Chi-Minh
2018-03-27,95,2018,3,27,27MAR,0,0,0,Ho-Chi-Minh
2018-03-28,107,2018,3,28,28MAR,0,0,0,Ho-Chi-Minh
2018-03-29,105,2018,3,29,29MAR,0,0,0,Ho-Chi-Minh
2018-03-30,81,2018,3,30,30MAR,0,0,0,Ho-Chi-Minh
2018-03-31,93,2018,3,31,31MAR,0,0,0,Ho-Chi-Minh
2018-04-01,92,2018,4,1,01APR,0,0,0,Ho-Chi-Minh
2018-01-01,89,2018,1,1,01JAN,0,0,0,Ho-Chi-Minh
2019-10-02,98,2019,10,2,02OCT,0,0,0,Ho-Chi-Minh
2019-10-03,99,2019,10,3,03OCT,0,0,0,Ho-Chi-Minh
2019-10-04,122,2019,10,4,04OCT,0,0,0,Ho-Chi-Minh
2019-10-05,87,2019,10,5,05OCT,0,0,0,Ho-Chi-Minh
2019-10-06,68,2019,10,6,06OCT,0,0,0,Ho-Chi-Minh
2019-10-07,68,2019,10,7,07OCT,0,0,0,Ho-Chi-Minh
2019-10-08,62,2019,10,8,08OCT,0,0,0,Ho-Chi-Minh
2019-10-09,78,2019,10,9,09OCT,0,0,0,Ho-Chi-Minh
2019-10-10,105,2019,10,10,10OCT,0,0,0,Ho-Chi-Minh
2019-10-11,100,2019,10,11,11OCT,0,0,0,Ho-Chi-Minh
2019-10-12,76,2019,10,12,12OCT,0,0,0,Ho-Chi-Minh
2019-10-13,61,2019,10,13,13OCT,0,0,0,Ho-Chi-Minh
2019-10-14,90,2019,10,14,14OCT,0,0,0,Ho-Chi-Minh
2019-10-15,73,2019,10,15,15OCT,0,0,0,Ho-Chi-Minh
2019-10-16,82,2019,10,16,16OCT,0,0,0,Ho-Chi-Minh
2019-10-17,93,2019,10,17,17OCT,0,0,0,Ho-Chi-Minh
2019-10-18,108,2019,10,18,18OCT,0,0,0,Ho-Chi-Minh
2019-10-19,116,2019,10,19,19OCT,0,0,0,Ho-Chi-Minh
2019-10-20,116,2019,10,20,20OCT,0,0,0,Ho-Chi-Minh
2019-10-21,106,2019,10,21,21OCT,0,0,0,Ho-Chi-Minh
2019-10-22,125,2019,10,22,22OCT,0,0,0,Ho-Chi-Minh
2019-10-23,129,2019,10,23,23OCT,0,0,0,Ho-Chi-Minh
2019-10-24,91,2019,10,24,24OCT,0,0,0,Ho-Chi-Minh
2019-10-25,103,2019,10,25,25OCT,0,0,0,Ho-Chi-Minh
2019-10-26,121,2019,10,26,26OCT,0,0,0,Ho-Chi-Minh
2019-10-27,105,2019,10,27,27OCT,0,0,0,Ho-Chi-Minh
2019-10-28,121,2019,10,28,28OCT,0,0,0,Ho-Chi-Minh
2019-10-29,103,2019,10,29,29OCT,0,0,0,Ho-Chi-Minh
2019-10-30,99,2019,10,30,30OCT,0,0,0,Ho-Chi-Minh
2019-10-31,112,2019,10,31,31OCT,0,0,0,Ho-Chi-Minh
2019-11-01,93,2019,11,1,01NOV,0,0,0,Ho-Chi-Minh
2019-11-02,100,2019,11,2,02NOV,0,0,0,Ho-Chi-Minh
2019-11-03,79,2019,11,3,03NOV,0,0,0,Ho-Chi-Minh
2019-11-04,109,2019,11,4,04NOV,0,0,0,Ho-Chi-Minh
2019-11-05,113,2019,11,5,05NOV,0,0,0,Ho-Chi-Minh
2019-11-06,150,2019,11,6,06NOV,0,0,0,Ho-Chi-Minh
2019-11-07,155,2019,11,7,07NOV,0,0,0,Ho-Chi-Minh
2019-11-08,157,2019,11,8,08NOV,0,0,0,Ho-Chi-Minh
2019-11-09,222,2019,11,9,09NOV,0,0,0,Ho-Chi-Minh
2019-11-10,169,2019,11,10,10NOV,0,0,0,Ho-Chi-Minh
2019-11-11,163,2019,11,11,11NOV,0,0,0,Ho-Chi-Minh
2019-11-13,166,2019,11,13,13NOV,0,0,0,Ho-Chi-Minh
2019-11-14,156,2019,11,14,14NOV,0,0,0,Ho-Chi-Minh
2019-11-16,111,2019,11,16,16NOV,0,0,0,Ho-Chi-Minh
2019-11-17,118,2019,11,17,17NOV,0,0,0,Ho-Chi-Minh
2019-11-18,97,2019,11,18,18NOV,0,0,0,Ho-Chi-Minh
2019-11-19,82,2019,11,19,19NOV,0,0,0,Ho-Chi-Minh
2019-11-20,101,2019,11,20,20NOV,0,0,0,Ho-Chi-Minh
2019-11-21,100,2019,11,21,21NOV,0,0,0,Ho-Chi-Minh
2019-11-22,129,2019,11,22,22NOV,0,0,0,Ho-Chi-Minh
2019-11-23,130,2019,11,23,23NOV,0,0,0,Ho-Chi-Minh
2019-11-24,126,2019,11,24,24NOV,0,0,0,Ho-Chi-Minh
2019-11-25,110,2019,11,25,25NOV,0,0,0,Ho-Chi-Minh
2019-11-26,112,2019,11,26,26NOV,0,0,0,Ho-Chi-Minh
2019-11-27,101,2019,11,27,27NOV,0,0,0,Ho-Chi-Minh
2019-11-28,86,2019,11,28,28NOV,0,0,0,Ho-Chi-Minh
2019-11-29,86,2019,11,29,29NOV,0,0,0,Ho-Chi-Minh
2019-11-30,88,2019,11,30,30NOV,0,0,0,Ho-Chi-Minh
2019-12-01,88,2019,12,1,01DEC,0,0,0,Ho-Chi-Minh
2019-12-02,89,2019,12,2,02DEC,0,0,0,Ho-Chi-Minh
2019-12-03,101,2019,12,3,03DEC,0,0,0,Ho-Chi-Minh
2019-12-04,111,2019,12,4,04DEC,0,0,0,Ho-Chi-Minh
2019-12-05,108,2019,12,5,05DEC,0,0,0,Ho-Chi-Minh
2019-12-06,113,2019,12,6,06DEC,0,0,0,Ho-Chi-Minh
2019-12-07,70,2019,12,7,07DEC,0,0,0,Ho-Chi-Minh
2019-12-08,104,2019,12,8,08DEC,0,0,0,Ho-Chi-Minh
2019-12-09,89,2019,12,9,09DEC,0,0,0,Ho-Chi-Minh
2019-12-10,96,2019,12,10,10DEC,0,0,0,Ho-Chi-Minh
2019-12-11,128,2019,12,11,11DEC,0,0,0,Ho-Chi-Minh
2019-12-12,130,2019,12,12,12DEC,0,0,0,Ho-Chi-Minh
2019-12-13,122,2019,12,13,13DEC,0,0,0,Ho-Chi-Minh
2019-12-14,118,2019,12,14,14DEC,0,0,0,Ho-Chi-Minh
2019-12-15,110,2019,12,15,15DEC,0,0,0,Ho-Chi-Minh
2019-12-16,87,2019,12,16,16DEC,0,0,0,Ho-Chi-Minh
2019-12-17,84,2019,12,17,17DEC,0,0,0,Ho-Chi-Minh
2019-12-18,91,2019,12,18,18DEC,0,0,0,Ho-Chi-Minh
2019-12-19,96,2019,12,19,19DEC,0,0,0,Ho-Chi-Minh
2019-12-20,106,2019,12,20,20DEC,0,0,0,Ho-Chi-Minh
2019-12-21,105,2019,12,21,21DEC,0,0,0,Ho-Chi-Minh
2019-12-22,103,2019,12,22,22DEC,0,0,0,Ho-Chi-Minh
2019-12-23,105,2019,12,23,23DEC,0,0,0,Ho-Chi-Minh
2019-12-24,94,2019,12,24,24DEC,0,0,0,Ho-Chi-Minh
2019-12-25,91,2019,12,25,25DEC,0,0,0,Ho-Chi-Minh
2019-12-26,98,2019,12,26,26DEC,0,0,0,Ho-Chi-Minh
2019-12-27,82,2019,12,27,27DEC,0,0,0,Ho-Chi-Minh
2019-12-28,107,2019,12,28,28DEC,0,0,0,Ho-Chi-Minh
2019-12-29,140,2019,12,29,29DEC,0,0,0,Ho-Chi-Minh
2019-12-30,137,2019,12,30,30DEC,0,0,0,Ho-Chi-Minh
2019-07-02,68,2019,7,2,02JUL,0,0,0,Ho-Chi-Minh
2019-07-03,70,2019,7,3,03JUL,0,0,0,Ho-Chi-Minh
2019-07-04,54,2019,7,4,04JUL,0,0,0,Ho-Chi-Minh
2019-07-05,54,2019,7,5,05JUL,0,0,0,Ho-Chi-Minh
2019-07-06,73,2019,7,6,06JUL,0,0,0,Ho-Chi-Minh
2019-07-07,71,2019,7,7,07JUL,0,0,0,Ho-Chi-Minh
2019-07-10,76,2019,7,10,10JUL,0,0,0,Ho-Chi-Minh
2019-07-11,77,2019,7,11,11JUL,0,0,0,Ho-Chi-Minh
2019-07-12,81,2019,7,12,12JUL,0,0,0,Ho-Chi-Minh
2019-07-13,80,2019,7,13,13JUL,0,0,0,Ho-Chi-Minh
2019-07-14,69,2019,7,14,14JUL,0,0,0,Ho-Chi-Minh
2019-07-15,67,2019,7,15,15JUL,0,0,0,Ho-Chi-Minh
2019-07-16,75,2019,7,16,16JUL,0,0,0,Ho-Chi-Minh
2019-07-17,62,2019,7,17,17JUL,0,0,0,Ho-Chi-Minh
2019-07-18,57,2019,7,18,18JUL,0,0,0,Ho-Chi-Minh
2019-07-19,52,2019,7,19,19JUL,0,0,0,Ho-Chi-Minh
2019-07-20,49,2019,7,20,20JUL,0,0,0,Ho-Chi-Minh
2019-07-21,53,2019,7,21,21JUL,0,0,0,Ho-Chi-Minh
2019-07-22,71,2019,7,22,22JUL,0,0,0,Ho-Chi-Minh
2019-07-23,59,2019,7,23,23JUL,0,0,0,Ho-Chi-Minh
2019-07-24,72,2019,7,24,24JUL,0,0,0,Ho-Chi-Minh
2019-07-25,64,2019,7,25,25JUL,0,0,0,Ho-Chi-Minh
2019-07-26,71,2019,7,26,26JUL,0,0,0,Ho-Chi-Minh
2019-07-27,70,2019,7,27,27JUL,0,0,0,Ho-Chi-Minh
2019-07-28,70,2019,7,28,28JUL,0,0,0,Ho-Chi-Minh
2019-07-29,77,2019,7,29,29JUL,0,0,0,Ho-Chi-Minh
2019-07-30,63,2019,7,30,30JUL,0,0,0,Ho-Chi-Minh
2019-07-31,75,2019,7,31,31JUL,0,0,0,Ho-Chi-Minh
2019-08-01,73,2019,8,1,01AUG,0,0,0,Ho-Chi-Minh
2019-08-02,70,2019,8,2,02AUG,0,0,0,Ho-Chi-Minh
2019-08-03,56,2019,8,3,03AUG,0,0,0,Ho-Chi-Minh
2019-08-04,50,2019,8,4,04AUG,0,0,0,Ho-Chi-Minh
2019-08-05,51,2019,8,5,05AUG,0,0,0,Ho-Chi-Minh
2019-08-06,62,2019,8,6,06AUG,0,0,0,Ho-Chi-Minh
2019-08-07,55,2019,8,7,07AUG,0,0,0,Ho-Chi-Minh
2019-08-08,54,2019,8,8,08AUG,0,0,0,Ho-Chi-Minh
2019-08-09,55,2019,8,9,09AUG,0,0,0,Ho-Chi-Minh
2019-08-10,46,2019,8,10,10AUG,0,0,0,Ho-Chi-Minh
2019-08-11,47,2019,8,11,11AUG,0,0,0,Ho-Chi-Minh
2019-08-12,57,2019,8,12,12AUG,0,0,0,Ho-Chi-Minh
2019-08-13,78,2019,8,13,13AUG,0,0,0,Ho-Chi-Minh
2019-08-14,80,2019,8,14,14AUG,0,0,0,Ho-Chi-Minh
2019-08-15,74,2019,8,15,15AUG,0,0,0,Ho-Chi-Minh
2019-08-16,53,2019,8,16,16AUG,0,0,0,Ho-Chi-Minh
2019-08-17,50,2019,8,17,17AUG,0,0,0,Ho-Chi-Minh
2019-08-18,77,2019,8,18,18AUG,0,0,0,Ho-Chi-Minh
2019-08-19,107,2019,8,19,19AUG,0,0,0,Ho-Chi-Minh
2019-08-20,86,2019,8,20,20AUG,0,0,0,Ho-Chi-Minh
2019-08-21,65,2019,8,21,21AUG,0,0,0,Ho-Chi-Minh
2019-08-22,79,2019,8,22,22AUG,0,0,0,Ho-Chi-Minh
2019-08-23,75,2019,8,23,23AUG,0,0,0,Ho-Chi-Minh
2019-08-24,66,2019,8,24,24AUG,0,0,0,Ho-Chi-Minh
2019-08-25,71,2019,8,25,25AUG,0,0,0,Ho-Chi-Minh
2019-08-26,54,2019,8,26,26AUG,0,0,0,Ho-Chi-Minh
2019-08-27,55,2019,8,27,27AUG,0,0,0,Ho-Chi-Minh
2019-08-28,65,2019,8,28,28AUG,0,0,0,Ho-Chi-Minh
2019-08-29,60,2019,8,29,29AUG,0,0,0,Ho-Chi-Minh
2019-08-30,55,2019,8,30,30AUG,0,0,0,Ho-Chi-Minh
2019-08-31,52,2019,8,31,31AUG,0,0,0,Ho-Chi-Minh
2019-09-01,58,2019,9,1,01SEP,0,0,0,Ho-Chi-Minh
2019-09-02,63,2019,9,2,02SEP,0,0,0,Ho-Chi-Minh
2019-09-03,36,2019,9,3,03SEP,0,0,0,Ho-Chi-Minh
2019-09-04,48,2019,9,4,04SEP,0,0,0,Ho-Chi-Minh
2019-09-05,55,2019,9,5,05SEP,0,0,0,Ho-Chi-Minh
2019-09-06,49,2019,9,6,06SEP,0,0,0,Ho-Chi-Minh
2019-09-07,58,2019,9,7,07SEP,0,0,0,Ho-Chi-Minh
2019-09-08,69,2019,9,8,08SEP,0,0,0,Ho-Chi-Minh
2019-09-09,74,2019,9,9,09SEP,0,0,0,Ho-Chi-Minh
2019-09-10,68,2019,9,10,10SEP,0,0,0,Ho-Chi-Minh
2019-09-11,80,2019,9,11,11SEP,0,0,0,Ho-Chi-Minh
2019-09-12,76,2019,9,12,12SEP,0,0,0,Ho-Chi-Minh
2019-09-13,89,2019,9,13,13SEP,0,0,0,Ho-Chi-Minh
2019-09-14,76,2019,9,14,14SEP,0,0,0,Ho-Chi-Minh
2019-09-15,70,2019,9,15,15SEP,0,0,0,Ho-Chi-Minh
2019-09-16,52,2019,9,16,16SEP,0,0,0,Ho-Chi-Minh
2019-09-17,57,2019,9,17,17SEP,0,0,0,Ho-Chi-Minh
2019-09-18,48,2019,9,18,18SEP,0,0,0,Ho-Chi-Minh
2019-09-19,50,2019,9,19,19SEP,0,0,0,Ho-Chi-Minh
2019-09-20,73,2019,9,20,20SEP,0,0,0,Ho-Chi-Minh
2019-09-21,132,2019,9,21,21SEP,0,0,0,Ho-Chi-Minh
2019-09-22,120,2019,9,22,22SEP,0,0,0,Ho-Chi-Minh
2019-09-23,126,2019,9,23,23SEP,0,0,0,Ho-Chi-Minh
2019-09-24,98,2019,9,24,24SEP,0,0,0,Ho-Chi-Minh
2019-09-25,120,2019,9,25,25SEP,0,0,0,Ho-Chi-Minh
2019-09-26,94,2019,9,26,26SEP,0,0,0,Ho-Chi-Minh
2019-09-27,104,2019,9,27,27SEP,0,0,0,Ho-Chi-Minh
2019-09-28,115,2019,9,28,28SEP,0,0,0,Ho-Chi-Minh
2019-09-29,118,2019,9,29,29SEP,0,0,0,Ho-Chi-Minh
2019-09-30,88,2019,9,30,30SEP,0,0,0,Ho-Chi-Minh
2019-10-01,102,2019,10,1,01OCT,0,0,0,Ho-Chi-Minh
2019-04-02,70,2019,4,2,02APR,1,0,0,Ho-Chi-Minh
2019-04-03,76,2019,4,3,03APR,1,0,0,Ho-Chi-Minh
2019-04-04,82,2019,4,4,04APR,1,0,0,Ho-Chi-Minh
2019-04-05,77,2019,4,5,05APR,1,0,0,Ho-Chi-Minh
2019-04-06,76,2019,4,6,06APR,1,0,0,Ho-Chi-Minh
2019-04-07,78,2019,4,7,07APR,1,0,0,Ho-Chi-Minh
2019-04-08,69,2019,4,8,08APR,1,0,0,Ho-Chi-Minh
2019-04-09,59,2019,4,9,09APR,1,0,0,Ho-Chi-Minh
2019-04-10,47,2019,4,10,10APR,1,0,0,Ho-Chi-Minh
2019-04-11,35,2019,4,11,11APR,1,0,0,Ho-Chi-Minh
2019-04-12,44,2019,4,12,12APR,1,0,0,Ho-Chi-Minh
2019-04-13,44,2019,4,13,13APR,1,0,0,Ho-Chi-Minh
2019-04-14,47,2019,4,14,14APR,1,0,0,Ho-Chi-Minh
2019-04-15,38,2019,4,15,15APR,1,0,0,Ho-Chi-Minh
2019-04-16,40,2019,4,16,16APR,0,0,0,Ho-Chi-Minh
2019-04-17,57,2019,4,17,17APR,0,0,0,Ho-Chi-Minh
2019-04-18,59,2019,4,18,18APR,0,0,0,Ho-Chi-Minh
2019-04-19,64,2019,4,19,19APR,0,0,0,Ho-Chi-Minh
2019-04-20,14,2019,4,20,20APR,0,0,0,Ho-Chi-Minh
2019-04-21,15,2019,4,21,21APR,0,0,0,Ho-Chi-Minh
2019-04-22,17,2019,4,22,22APR,0,0,0,Ho-Chi-Minh
2019-04-23,38,2019,4,23,23APR,0,0,0,Ho-Chi-Minh
2019-04-24,67,2019,4,24,24APR,0,0,0,Ho-Chi-Minh
2019-04-25,73,2019,4,25,25APR,0,0,0,Ho-Chi-Minh
2019-04-26,75,2019,4,26,26APR,0,0,0,Ho-Chi-Minh
2019-04-27,61,2019,4,27,27APR,0,0,0,Ho-Chi-Minh
2019-04-28,64,2019,4,28,28APR,0,0,0,Ho-Chi-Minh
2019-04-29,74,2019,4,29,29APR,0,0,0,Ho-Chi-Minh
2019-04-30,93,2019,4,30,30APR,0,0,0,Ho-Chi-Minh
2019-05-01,56,2019,5,1,01MAY,0,0,0,Ho-Chi-Minh
2019-05-02,64,2019,5,2,02MAY,0,0,0,Ho-Chi-Minh
2019-05-03,64,2019,5,3,03MAY,0,0,0,Ho-Chi-Minh
2019-05-04,90,2019,5,4,04MAY,0,0,0,Ho-Chi-Minh
2019-05-05,66,2019,5,5,05MAY,0,0,0,Ho-Chi-Minh
2019-05-06,73,2019,5,6,06MAY,0,0,0,Ho-Chi-Minh
2019-05-07,66,2019,5,7,07MAY,0,0,0,Ho-Chi-Minh
2019-05-08,69,2019,5,8,08MAY,0,0,0,Ho-Chi-Minh
2019-05-09,67,2019,5,9,09MAY,0,0,0,Ho-Chi-Minh
2019-05-10,80,2019,5,10,10MAY,0,0,0,Ho-Chi-Minh
2019-05-11,87,2019,5,11,11MAY,0,0,0,Ho-Chi-Minh
2019-05-12,109,2019,5,12,12MAY,0,0,0,Ho-Chi-Minh
2019-05-13,95,2019,5,13,13MAY,0,0,0,Ho-Chi-Minh
2019-05-14,73,2019,5,14,14MAY,0,0,0,Ho-Chi-Minh
2019-05-15,76,2019,5,15,15MAY,0,0,0,Ho-Chi-Minh
2019-05-16,83,2019,5,16,16MAY,0,0,0,Ho-Chi-Minh
2019-05-17,67,2019,5,17,17MAY,0,0,0,Ho-Chi-Minh
2019-05-18,65,2019,5,18,18MAY,0,0,0,Ho-Chi-Minh
2019-05-19,60,2019,5,19,19MAY,0,0,0,Ho-Chi-Minh
2019-05-20,56,2019,5,20,20MAY,0,0,0,Ho-Chi-Minh
2019-05-21,63,2019,5,21,21MAY,0,0,0,Ho-Chi-Minh
2019-05-22,69,2019,5,22,22MAY,0,0,0,Ho-Chi-Minh
2019-05-23,82,2019,5,23,23MAY,0,0,0,Ho-Chi-Minh
2019-06-03,98,2019,6,3,03JUN,0,0,0,Ho-Chi-Minh
2019-06-04,90,2019,6,4,04JUN,0,0,0,Ho-Chi-Minh
2019-06-05,97,2019,6,5,05JUN,0,0,0,Ho-Chi-Minh
2019-06-06,94,2019,6,6,06JUN,0,0,0,Ho-Chi-Minh
2019-06-13,68,2019,6,13,13JUN,0,0,0,Ho-Chi-Minh
2019-06-14,73,2019,6,14,14JUN,0,0,0,Ho-Chi-Minh
2019-06-15,67,2019,6,15,15JUN,0,0,0,Ho-Chi-Minh
2019-06-16,81,2019,6,16,16JUN,0,0,0,Ho-Chi-Minh
2019-06-24,40,2019,6,24,24JUN,0,0,0,Ho-Chi-Minh
2019-06-25,45,2019,6,25,25JUN,0,0,0,Ho-Chi-Minh
2019-06-26,61,2019,6,26,26JUN,0,0,0,Ho-Chi-Minh
2019-06-27,68,2019,6,27,27JUN,0,0,0,Ho-Chi-Minh
2019-06-28,57,2019,6,28,28JUN,0,0,0,Ho-Chi-Minh
2019-06-29,65,2019,6,29,29JUN,0,0,0,Ho-Chi-Minh
2019-06-30,72,2019,6,30,30JUN,0,0,0,Ho-Chi-Minh
2019-07-01,73,2019,7,1,01JUL,0,0,0,Ho-Chi-Minh
2019-01-02,63,2019,1,2,02JAN,0,0,0,Ho-Chi-Minh
2019-01-03,76,2019,1,3,03JAN,0,0,0,Ho-Chi-Minh
2019-01-04,80,2019,1,4,04JAN,0,0,0,Ho-Chi-Minh
2019-01-05,63,2019,1,5,05JAN,0,0,0,Ho-Chi-Minh
2019-01-06,69,2019,1,6,06JAN,0,0,0,Ho-Chi-Minh
2019-01-07,84,2019,1,7,07JAN,0,0,0,Ho-Chi-Minh
2019-01-08,61,2019,1,8,08JAN,0,0,0,Ho-Chi-Minh
2019-01-09,91,2019,1,9,09JAN,0,0,0,Ho-Chi-Minh
2019-01-10,76,2019,1,10,10JAN,0,0,0,Ho-Chi-Minh
2019-01-11,66,2019,1,11,11JAN,0,0,0,Ho-Chi-Minh
2019-01-12,87,2019,1,12,12JAN,0,0,0,Ho-Chi-Minh
2019-01-13,88,2019,1,13,13JAN,0,0,0,Ho-Chi-Minh
2019-01-14,104,2019,1,14,14JAN,0,0,0,Ho-Chi-Minh
2019-01-15,99,2019,1,15,15JAN,0,0,0,Ho-Chi-Minh
2019-01-16,118,2019,1,16,16JAN,0,0,0,Ho-Chi-Minh
2019-01-17,99,2019,1,17,17JAN,0,0,0,Ho-Chi-Minh
2019-01-18,86,2019,1,18,18JAN,0,0,0,Ho-Chi-Minh
2019-01-19,82,2019,1,19,19JAN,0,0,0,Ho-Chi-Minh
2019-01-20,90,2019,1,20,20JAN,0,0,0,Ho-Chi-Minh
2019-01-21,107,2019,1,21,21JAN,0,0,0,Ho-Chi-Minh
2019-01-22,91,2019,1,22,22JAN,0,0,0,Ho-Chi-Minh
2019-01-23,111,2019,1,23,23JAN,0,0,0,Ho-Chi-Minh
2019-01-24,114,2019,1,24,24JAN,0,0,0,Ho-Chi-Minh
2019-01-25,108,2019,1,25,25JAN,0,0,0,Ho-Chi-Minh
2019-01-26,121,2019,1,26,26JAN,0,0,0,Ho-Chi-Minh
2019-01-27,115,2019,1,27,27JAN,0,0,0,Ho-Chi-Minh
2019-01-28,105,2019,1,28,28JAN,0,0,0,Ho-Chi-Minh
2019-01-29,123,2019,1,29,29JAN,0,0,0,Ho-Chi-Minh
2019-01-30,104,2019,1,30,30JAN,0,0,0,Ho-Chi-Minh
2019-01-31,85,2019,1,31,31JAN,0,0,0,Ho-Chi-Minh
2019-02-01,87,2019,2,1,01FEB,0,0,0,Ho-Chi-Minh
2019-02-02,94,2019,2,2,02FEB,0,0,0,Ho-Chi-Minh
2019-02-03,83,2019,2,3,03FEB,0,0,0,Ho-Chi-Minh
2019-02-04,73,2019,2,4,04FEB,0,0,0,Ho-Chi-Minh
2019-02-05,63,2019,2,5,05FEB,0,0,0,Ho-Chi-Minh
2019-02-06,68,2019,2,6,06FEB,0,0,0,Ho-Chi-Minh
2019-02-07,59,2019,2,7,07FEB,0,0,0,Ho-Chi-Minh
2019-02-08,57,2019,2,8,08FEB,0,0,0,Ho-Chi-Minh
2019-02-09,64,2019,2,9,09FEB,0,0,0,Ho-Chi-Minh
2019-02-10,66,2019,2,10,10FEB,0,0,0,Ho-Chi-Minh
2019-02-11,59,2019,2,11,11FEB,0,0,0,Ho-Chi-Minh
2019-02-12,71,2019,2,12,12FEB,0,0,0,Ho-Chi-Minh
2019-02-13,67,2019,2,13,13FEB,0,0,0,Ho-Chi-Minh
2019-02-14,75,2019,2,14,14FEB,0,0,0,Ho-Chi-Minh
2019-02-15,69,2019,2,15,15FEB,0,0,0,Ho-Chi-Minh
2019-02-16,68,2019,2,16,16FEB,0,0,0,Ho-Chi-Minh
2019-02-17,67,2019,2,17,17FEB,0,0,0,Ho-Chi-Minh
2019-02-18,63,2019,2,18,18FEB,0,0,0,Ho-Chi-Minh
2019-02-19,61,2019,2,19,19FEB,0,0,0,Ho-Chi-Minh
2019-02-20,69,2019,2,20,20FEB,0,0,0,Ho-Chi-Minh
2019-02-21,54,2019,2,21,21FEB,0,0,0,Ho-Chi-Minh
2019-02-22,46,2019,2,22,22FEB,0,0,0,Ho-Chi-Minh
2019-02-23,46,2019,2,23,23FEB,0,0,0,Ho-Chi-Minh
2019-02-24,44,2019,2,24,24FEB,0,0,0,Ho-Chi-Minh
2019-02-25,47,2019,2,25,25FEB,0,0,0,Ho-Chi-Minh
2019-02-26,51,2019,2,26,26FEB,0,0,0,Ho-Chi-Minh
2019-02-27,67,2019,2,27,27FEB,0,0,0,Ho-Chi-Minh
2019-02-28,76,2019,2,28,28FEB,0,0,0,Ho-Chi-Minh
2019-03-01,63,2019,3,1,01MAR,0,0,0,Ho-Chi-Minh
2019-03-02,66,2019,3,2,02MAR,0,0,0,Ho-Chi-Minh
2019-03-03,52,2019,3,3,03MAR,0,0,0,Ho-Chi-Minh
2019-03-04,56,2019,3,4,04MAR,0,0,0,Ho-Chi-Minh
2019-03-05,43,2019,3,5,05MAR,0,0,0,Ho-Chi-Minh
2019-03-06,37,2019,3,6,06MAR,0,0,0,Ho-Chi-Minh
2019-03-07,44,2019,3,7,07MAR,0,0,0,Ho-Chi-Minh
2019-03-08,31,2019,3,8,08MAR,0,0,0,Ho-Chi-Minh
2019-03-09,34,2019,3,9,09MAR,0,0,0,Ho-Chi-Minh
2019-03-10,23,2019,3,10,10MAR,0,0,0,Ho-Chi-Minh
2019-03-11,37,2019,3,11,11MAR,0,0,0,Ho-Chi-Minh
2019-03-12,54,2019,3,12,12MAR,0,0,0,Ho-Chi-Minh
2019-03-13,52,2019,3,13,13MAR,0,0,0,Ho-Chi-Minh
2019-03-14,69,2019,3,14,14MAR,0,0,0,Ho-Chi-Minh
2019-03-15,59,2019,3,15,15MAR,0,0,0,Ho-Chi-Minh
2019-03-16,78,2019,3,16,16MAR,0,0,0,Ho-Chi-Minh
2019-03-17,99,2019,3,17,17MAR,0,0,0,Ho-Chi-Minh
2019-03-18,95,2019,3,18,18MAR,0,0,0,Ho-Chi-Minh
2019-03-19,76,2019,3,19,19MAR,0,0,0,Ho-Chi-Minh
2019-03-20,48,2019,3,20,20MAR,0,0,0,Ho-Chi-Minh
2019-03-21,39,2019,3,21,21MAR,0,0,0,Ho-Chi-Minh
2019-03-22,36,2019,3,22,22MAR,0,0,0,Ho-Chi-Minh
2019-03-23,40,2019,3,23,23MAR,0,0,0,Ho-Chi-Minh
2019-03-24,24,2019,3,24,24MAR,0,0,0,Ho-Chi-Minh
2019-03-27,57,2019,3,27,27MAR,0,0,0,Ho-Chi-Minh
2019-03-28,54,2019,3,28,28MAR,0,0,0,Ho-Chi-Minh
2019-03-29,55,2019,3,29,29MAR,0,0,0,Ho-Chi-Minh
2019-03-30,51,2019,3,30,30MAR,0,0,0,Ho-Chi-Minh
2019-03-31,55,2019,3,31,31MAR,1,0,0,Ho-Chi-Minh
2019-04-01,57,2019,4,1,01APR,1,0,0,Ho-Chi-Minh
2020-10-02,60,2020,10,2,02OCT,0,0,0,Ho-Chi-Minh
2020-10-03,76,2020,10,3,03OCT,0,0,0,Ho-Chi-Minh
2020-10-04,75,2020,10,4,04OCT,0,0,0,Ho-Chi-Minh
2020-10-05,45,2020,10,5,05OCT,0,0,0,Ho-Chi-Minh
2020-10-06,50,2020,10,6,06OCT,0,0,0,Ho-Chi-Minh
2020-10-07,67,2020,10,7,07OCT,0,0,0,Ho-Chi-Minh
2020-10-08,63,2020,10,8,08OCT,0,0,0,Ho-Chi-Minh
2020-10-09,48,2020,10,9,09OCT,0,0,0,Ho-Chi-Minh
2020-10-10,58,2020,10,10,10OCT,0,0,0,Ho-Chi-Minh
2020-10-11,83,2020,10,11,11OCT,0,0,0,Ho-Chi-Minh
2020-10-12,50,2020,10,12,12OCT,0,0,0,Ho-Chi-Minh
2020-10-13,46,2020,10,13,13OCT,0,0,0,Ho-Chi-Minh
2020-10-14,58,2020,10,14,14OCT,0,0,0,Ho-Chi-Minh
2020-10-15,49,2020,10,15,15OCT,0,0,0,Ho-Chi-Minh
2020-10-16,51,2020,10,16,16OCT,0,0,0,Ho-Chi-Minh
2020-10-17,40,2020,10,17,17OCT,0,0,0,Ho-Chi-Minh
2020-10-18,37,2020,10,18,18OCT,0,0,0,Ho-Chi-Minh
2020-10-19,44,2020,10,19,19OCT,0,0,0,Ho-Chi-Minh
2020-10-20,56,2020,10,20,20OCT,0,0,0,Ho-Chi-Minh
2020-10-21,63,2020,10,21,21OCT,0,0,0,Ho-Chi-Minh
2020-10-22,56,2020,10,22,22OCT,0,0,0,Ho-Chi-Minh
2020-10-23,102,2020,10,23,23OCT,0,0,0,Ho-Chi-Minh
2020-10-24,70,2020,10,24,24OCT,0,0,0,Ho-Chi-Minh
2020-10-25,85,2020,10,25,25OCT,0,0,0,Ho-Chi-Minh
2020-10-26,70,2020,10,26,26OCT,0,0,0,Ho-Chi-Minh
2020-10-27,97,2020,10,27,27OCT,0,0,0,Ho-Chi-Minh
2020-10-28,87,2020,10,28,28OCT,0,0,0,Ho-Chi-Minh
2020-10-29,79,2020,10,29,29OCT,0,0,0,Ho-Chi-Minh
2020-10-30,58,2020,10,30,30OCT,0,0,0,Ho-Chi-Minh
2020-10-31,72,2020,10,31,31OCT,0,0,0,Ho-Chi-Minh
2020-11-01,78,2020,11,1,01NOV,0,0,0,Ho-Chi-Minh
2020-11-02,63,2020,11,2,02NOV,0,0,0,Ho-Chi-Minh
2020-11-03,63,2020,11,3,03NOV,0,0,0,Ho-Chi-Minh
2020-11-04,102,2020,11,4,04NOV,0,0,0,Ho-Chi-Minh
2020-11-05,97,2020,11,5,05NOV,0,0,0,Ho-Chi-Minh
2020-11-06,110,2020,11,6,06NOV,0,0,0,Ho-Chi-Minh
2020-11-07,87,2020,11,7,07NOV,0,0,0,Ho-Chi-Minh
2020-11-08,73,2020,11,8,08NOV,0,0,0,Ho-Chi-Minh
2020-11-09,81,2020,11,9,09NOV,0,0,0,Ho-Chi-Minh
2020-11-10,93,2020,11,10,10NOV,0,0,0,Ho-Chi-Minh
2020-11-11,83,2020,11,11,11NOV,0,0,0,Ho-Chi-Minh
2020-11-12,71,2020,11,12,12NOV,0,0,0,Ho-Chi-Minh
2020-11-13,100,2020,11,13,13NOV,0,0,0,Ho-Chi-Minh
2020-11-14,86,2020,11,14,14NOV,0,0,0,Ho-Chi-Minh
2020-11-15,80,2020,11,15,15NOV,0,0,0,Ho-Chi-Minh
2020-11-16,90,2020,11,16,16NOV,0,0,0,Ho-Chi-Minh
2020-11-17,90,2020,11,17,17NOV,0,0,0,Ho-Chi-Minh
2020-11-18,103,2020,11,18,18NOV,0,0,0,Ho-Chi-Minh
2020-11-19,84,2020,11,19,19NOV,0,0,0,Ho-Chi-Minh
2020-11-20,85,2020,11,20,20NOV,0,0,0,Ho-Chi-Minh
2020-11-21,68,2020,11,21,21NOV,0,0,0,Ho-Chi-Minh
2020-11-22,110,2020,11,22,22NOV,0,0,0,Ho-Chi-Minh
2020-11-23,92,2020,11,23,23NOV,0,0,0,Ho-Chi-Minh
2020-11-24,95,2020,11,24,24NOV,0,0,0,Ho-Chi-Minh
2020-11-25,95,2020,11,25,25NOV,0,0,0,Ho-Chi-Minh
2020-11-26,90,2020,11,26,26NOV,0,0,0,Ho-Chi-Minh
2020-11-27,90,2020,11,27,27NOV,0,0,0,Ho-Chi-Minh
2020-11-28,98,2020,11,28,28NOV,0,0,0,Ho-Chi-Minh
2020-11-29,72,2020,11,29,29NOV,0,0,0,Ho-Chi-Minh
2020-11-30,74,2020,11,30,30NOV,0,0,0,Ho-Chi-Minh
2020-12-01,75,2020,12,1,01DEC,0,0,0,Ho-Chi-Minh
2020-12-02,82,2020,12,2,02DEC,0,0,0,Ho-Chi-Minh
2020-12-03,72,2020,12,3,03DEC,0,0,0,Ho-Chi-Minh
2020-12-04,77,2020,12,4,04DEC,0,0,0,Ho-Chi-Minh
2020-12-05,88,2020,12,5,05DEC,0,0,0,Ho-Chi-Minh
2020-12-06,109,2020,12,6,06DEC,0,0,0,Ho-Chi-Minh
2020-12-07,80,2020,12,7,07DEC,0,0,0,Ho-Chi-Minh
2020-12-08,84,2020,12,8,08DEC,0,0,0,Ho-Chi-Minh
2020-12-09,90,2020,12,9,09DEC,0,0,0,Ho-Chi-Minh
2020-12-10,88,2020,12,10,10DEC,0,0,0,Ho-Chi-Minh
2020-12-11,108,2020,12,11,11DEC,0,0,0,Ho-Chi-Minh
2020-12-12,118,2020,12,12,12DEC,0,0,0,Ho-Chi-Minh
2020-12-13,92,2020,12,13,13DEC,0,0,0,Ho-Chi-Minh
2020-12-14,121,2020,12,14,14DEC,0,0,0,Ho-Chi-Minh
2020-12-15,66,2020,12,15,15DEC,0,0,0,Ho-Chi-Minh
2020-12-16,105,2020,12,16,16DEC,0,0,0,Ho-Chi-Minh
2020-12-17,90,2020,12,17,17DEC,0,0,0,Ho-Chi-Minh
2020-12-18,77,2020,12,18,18DEC,0,0,0,Ho-Chi-Minh
2020-12-19,65,2020,12,19,19DEC,0,0,0,Ho-Chi-Minh
2020-12-20,60,2020,12,20,20DEC,0,0,0,Ho-Chi-Minh
2020-12-21,58,2020,12,21,21DEC,0,0,0,Ho-Chi-Minh
2020-12-22,54,2020,12,22,22DEC,0,0,0,Ho-Chi-Minh
2020-12-23,58,2020,12,23,23DEC,0,0,0,Ho-Chi-Minh
2020-12-24,93,2020,12,24,24DEC,0,0,0,Ho-Chi-Minh
2020-12-25,103,2020,12,25,25DEC,0,0,0,Ho-Chi-Minh
2020-12-26,78,2020,12,26,26DEC,0,0,0,Ho-Chi-Minh
2020-12-27,72,2020,12,27,27DEC,0,0,0,Ho-Chi-Minh
2020-12-28,104,2020,12,28,28DEC,0,0,0,Ho-Chi-Minh
2020-12-29,93,2020,12,29,29DEC,0,0,0,Ho-Chi-Minh
2020-12-30,95,2020,12,30,30DEC,0,0,0,Ho-Chi-Minh
2020-12-31,75,2020,12,31,31DEC,0,0,0,Ho-Chi-Minh
2020-07-02,101,2020,7,2,02JUL,0,0,0,Ho-Chi-Minh
2020-07-03,57,2020,7,3,03JUL,0,0,0,Ho-Chi-Minh
2020-07-04,52,2020,7,4,04JUL,0,0,0,Ho-Chi-Minh
2020-07-05,77,2020,7,5,05JUL,0,0,0,Ho-Chi-Minh
2020-07-06,80,2020,7,6,06JUL,0,0,0,Ho-Chi-Minh
2020-07-07,61,2020,7,7,07JUL,0,0,0,Ho-Chi-Minh
2020-07-08,52,2020,7,8,08JUL,0,0,0,Ho-Chi-Minh
2020-07-09,82,2020,7,9,09JUL,0,0,0,Ho-Chi-Minh
2020-07-10,104,2020,7,10,10JUL,0,0,0,Ho-Chi-Minh
2020-07-11,55,2020,7,11,11JUL,0,0,0,Ho-Chi-Minh
2020-07-12,68,2020,7,12,12JUL,0,0,0,Ho-Chi-Minh
2020-07-13,47,2020,7,13,13JUL,0,0,0,Ho-Chi-Minh
2020-07-14,54,2020,7,14,14JUL,0,0,0,Ho-Chi-Minh
2020-07-15,67,2020,7,15,15JUL,0,0,0,Ho-Chi-Minh
2020-07-16,57,2020,7,16,16JUL,0,0,0,Ho-Chi-Minh
2020-07-17,53,2020,7,17,17JUL,0,0,0,Ho-Chi-Minh
2020-07-18,42,2020,7,18,18JUL,0,0,0,Ho-Chi-Minh
2020-07-19,79,2020,7,19,19JUL,0,0,0,Ho-Chi-Minh
2020-07-20,113,2020,7,20,20JUL,0,0,0,Ho-Chi-Minh
2020-07-21,73,2020,7,21,21JUL,0,0,0,Ho-Chi-Minh
2020-07-22,84,2020,7,22,22JUL,0,0,0,Ho-Chi-Minh
2020-07-23,53,2020,7,23,23JUL,0,0,0,Ho-Chi-Minh
2020-07-24,73,2020,7,24,24JUL,0,0,0,Ho-Chi-Minh
2020-07-25,78,2020,7,25,25JUL,0,0,0,Ho-Chi-Minh
2020-07-26,100,2020,7,26,26JUL,0,0,0,Ho-Chi-Minh
2020-07-27,50,2020,7,27,27JUL,0,0,0,Ho-Chi-Minh
2020-07-28,64,2020,7,28,28JUL,0,0,0,Ho-Chi-Minh
2020-07-29,71,2020,7,29,29JUL,0,0,0,Ho-Chi-Minh
2020-07-30,62,2020,7,30,30JUL,0,0,0,Ho-Chi-Minh
2020-07-31,63,2020,7,31,31JUL,0,0,0,Ho-Chi-Minh
2020-08-01,57,2020,8,1,01AUG,0,0,0,Ho-Chi-Minh
2020-08-02,39,2020,8,2,02AUG,0,0,0,Ho-Chi-Minh
2020-08-03,37,2020,8,3,03AUG,0,0,0,Ho-Chi-Minh
2020-08-04,46,2020,8,4,04AUG,0,0,0,Ho-Chi-Minh
2020-08-05,54,2020,8,5,05AUG,0,0,0,Ho-Chi-Minh
2020-08-06,56,2020,8,6,06AUG,0,0,0,Ho-Chi-Minh
2020-08-07,55,2020,8,7,07AUG,0,0,0,Ho-Chi-Minh
2020-08-08,48,2020,8,8,08AUG,0,0,0,Ho-Chi-Minh
2020-08-09,52,2020,8,9,09AUG,0,0,0,Ho-Chi-Minh
2020-08-10,54,2020,8,10,10AUG,0,0,0,Ho-Chi-Minh
2020-08-11,49,2020,8,11,11AUG,0,0,0,Ho-Chi-Minh
2020-08-12,45,2020,8,12,12AUG,0,0,0,Ho-Chi-Minh
2020-08-13,62,2020,8,13,13AUG,0,0,0,Ho-Chi-Minh
2020-08-14,62,2020,8,14,14AUG,0,0,0,Ho-Chi-Minh
2020-08-15,74,2020,8,15,15AUG,0,0,0,Ho-Chi-Minh
2020-08-16,79,2020,8,16,16AUG,0,0,0,Ho-Chi-Minh
2020-08-17,82,2020,8,17,17AUG,0,0,0,Ho-Chi-Minh
2020-08-18,77,2020,8,18,18AUG,0,0,0,Ho-Chi-Minh
2020-08-19,71,2020,8,19,19AUG,0,0,0,Ho-Chi-Minh
2020-08-20,63,2020,8,20,20AUG,0,0,0,Ho-Chi-Minh
2020-08-21,84,2020,8,21,21AUG,0,0,0,Ho-Chi-Minh
2020-08-22,70,2020,8,22,22AUG,0,0,0,Ho-Chi-Minh
2020-08-23,61,2020,8,23,23AUG,0,0,0,Ho-Chi-Minh
2020-08-24,56,2020,8,24,24AUG,0,0,0,Ho-Chi-Minh
2020-08-25,65,2020,8,25,25AUG,0,0,0,Ho-Chi-Minh
2020-08-26,73,2020,8,26,26AUG,0,0,0,Ho-Chi-Minh
2020-08-27,63,2020,8,27,27AUG,0,0,0,Ho-Chi-Minh
2020-08-28,67,2020,8,28,28AUG,0,0,0,Ho-Chi-Minh
2020-08-29,60,2020,8,29,29AUG,0,0,0,Ho-Chi-Minh
2020-08-30,58,2020,8,30,30AUG,0,0,0,Ho-Chi-Minh
2020-08-31,55,2020,8,31,31AUG,0,0,0,Ho-Chi-Minh
2020-09-01,67,2020,9,1,01SEP,0,0,0,Ho-Chi-Minh
2020-09-02,107,2020,9,2,02SEP,0,0,0,Ho-Chi-Minh
2020-09-03,69,2020,9,3,03SEP,0,0,0,Ho-Chi-Minh
2020-09-04,62,2020,9,4,04SEP,0,0,0,Ho-Chi-Minh
2020-09-05,56,2020,9,5,05SEP,0,0,0,Ho-Chi-Minh
2020-09-06,73,2020,9,6,06SEP,0,0,0,Ho-Chi-Minh
2020-09-07,70,2020,9,7,07SEP,0,0,0,Ho-Chi-Minh
2020-09-08,71,2020,9,8,08SEP,0,0,0,Ho-Chi-Minh
2020-09-09,71,2020,9,9,09SEP,0,0,0,Ho-Chi-Minh
2020-09-10,76,2020,9,10,10SEP,0,0,0,Ho-Chi-Minh
2020-09-11,83,2020,9,11,11SEP,0,0,0,Ho-Chi-Minh
2020-09-12,59,2020,9,12,12SEP,0,0,0,Ho-Chi-Minh
2020-09-13,8,2020,9,13,13SEP,0,0,0,Ho-Chi-Minh
2020-09-14,7,2020,9,14,14SEP,0,0,0,Ho-Chi-Minh
2020-09-15,39,2020,9,15,15SEP,0,0,0,Ho-Chi-Minh
2020-09-16,61,2020,9,16,16SEP,0,0,0,Ho-Chi-Minh
2020-09-17,55,2020,9,17,17SEP,0,0,0,Ho-Chi-Minh
2020-09-18,50,2020,9,18,18SEP,0,0,0,Ho-Chi-Minh
2020-09-19,31,2020,9,19,19SEP,0,0,0,Ho-Chi-Minh
2020-09-20,46,2020,9,20,20SEP,0,0,0,Ho-Chi-Minh
2020-09-21,52,2020,9,21,21SEP,0,0,0,Ho-Chi-Minh
2020-09-22,82,2020,9,22,22SEP,0,0,0,Ho-Chi-Minh
2020-09-23,78,2020,9,23,23SEP,0,0,0,Ho-Chi-Minh
2020-09-24,63,2020,9,24,24SEP,0,0,0,Ho-Chi-Minh
2020-09-25,81,2020,9,25,25SEP,0,0,0,Ho-Chi-Minh
2020-09-26,83,2020,9,26,26SEP,0,0,0,Ho-Chi-Minh
2020-09-27,57,2020,9,27,27SEP,0,0,0,Ho-Chi-Minh
2020-09-28,59,2020,9,28,28SEP,0,0,0,Ho-Chi-Minh
2020-09-29,38,2020,9,29,29SEP,0,0,0,Ho-Chi-Minh
2020-09-30,47,2020,9,30,30SEP,0,0,0,Ho-Chi-Minh
2020-10-01,59,2020,10,1,01OCT,0,0,0,Ho-Chi-Minh
2020-04-02,50,2020,4,2,02APR,1,0,0,Ho-Chi-Minh
2020-04-03,53,2020,4,3,03APR,1,0,0,Ho-Chi-Minh
2020-04-04,56,2020,4,4,04APR,1,0,0,Ho-Chi-Minh
2020-04-05,54,2020,4,5,05APR,1,0,0,Ho-Chi-Minh
2020-04-06,54,2020,4,6,06APR,1,0,0,Ho-Chi-Minh
2020-04-07,55,2020,4,7,07APR,1,0,0,Ho-Chi-Minh
2020-04-08,53,2020,4,8,08APR,1,0,0,Ho-Chi-Minh
2020-04-09,58,2020,4,9,09APR,1,0,0,Ho-Chi-Minh
2020-04-10,74,2020,4,10,10APR,1,0,0,Ho-Chi-Minh
2020-04-11,67,2020,4,11,11APR,1,0,0,Ho-Chi-Minh
2020-04-12,56,2020,4,12,12APR,1,0,0,Ho-Chi-Minh
2020-04-13,62,2020,4,13,13APR,1,0,0,Ho-Chi-Minh
2020-04-14,87,2020,4,14,14APR,1,0,0,Ho-Chi-Minh
2020-04-15,107,2020,4,15,15APR,1,0,0,Ho-Chi-Minh
2020-04-16,89,2020,4,16,16APR,0,0,0,Ho-Chi-Minh
2020-04-17,69,2020,4,17,17APR,0,0,0,Ho-Chi-Minh
2020-04-18,64,2020,4,18,18APR,0,0,0,Ho-Chi-Minh
2020-04-19,65,2020,4,19,19APR,0,0,0,Ho-Chi-Minh
2020-04-20,61,2020,4,20,20APR,0,0,0,Ho-Chi-Minh
2020-04-21,59,2020,4,21,21APR,0,0,0,Ho-Chi-Minh
2020-04-22,64,2020,4,22,22APR,0,0,0,Ho-Chi-Minh
2020-04-23,55,2020,4,23,23APR,0,0,0,Ho-Chi-Minh
2020-04-24,57,2020,4,24,24APR,0,0,0,Ho-Chi-Minh
2020-04-25,86,2020,4,25,25APR,0,0,0,Ho-Chi-Minh
2020-04-26,105,2020,4,26,26APR,0,0,0,Ho-Chi-Minh
2020-04-27,85,2020,4,27,27APR,0,0,0,Ho-Chi-Minh
2020-04-28,101,2020,4,28,28APR,0,0,0,Ho-Chi-Minh
2020-04-29,86,2020,4,29,29APR,0,0,0,Ho-Chi-Minh
2020-04-30,76,2020,4,30,30APR,0,0,0,Ho-Chi-Minh
2020-05-01,65,2020,5,1,01MAY,0,0,0,Ho-Chi-Minh
2020-05-02,52,2020,5,2,02MAY,0,0,0,Ho-Chi-Minh
2020-05-03,54,2020,5,3,03MAY,0,0,0,Ho-Chi-Minh
2020-05-04,56,2020,5,4,04MAY,0,0,0,Ho-Chi-Minh
2020-05-05,47,2020,5,5,05MAY,0,0,0,Ho-Chi-Minh
2020-05-06,52,2020,5,6,06MAY,0,0,0,Ho-Chi-Minh
2020-05-07,42,2020,5,7,07MAY,0,0,0,Ho-Chi-Minh
2020-05-08,37,2020,5,8,08MAY,0,0,0,Ho-Chi-Minh
2020-05-09,34,2020,5,9,09MAY,0,0,0,Ho-Chi-Minh
2020-05-10,34,2020,5,10,10MAY,0,0,0,Ho-Chi-Minh
2020-05-11,38,2020,5,11,11MAY,0,0,0,Ho-Chi-Minh
2020-05-12,38,2020,5,12,12MAY,0,0,0,Ho-Chi-Minh
2020-05-13,56,2020,5,13,13MAY,0,0,0,Ho-Chi-Minh
2020-05-14,54,2020,5,14,14MAY,0,0,0,Ho-Chi-Minh
2020-05-15,60,2020,5,15,15MAY,0,0,0,Ho-Chi-Minh
2020-05-16,51,2020,5,16,16MAY,0,0,0,Ho-Chi-Minh
2020-05-17,56,2020,5,17,17MAY,0,0,0,Ho-Chi-Minh
2020-05-18,48,2020,5,18,18MAY,0,0,0,Ho-Chi-Minh
2020-05-19,61,2020,5,19,19MAY,0,0,0,Ho-Chi-Minh
2020-05-20,51,2020,5,20,20MAY,0,0,0,Ho-Chi-Minh
2020-05-21,66,2020,5,21,21MAY,0,0,0,Ho-Chi-Minh
2020-05-22,67,2020,5,22,22MAY,0,0,0,Ho-Chi-Minh
2020-05-23,67,2020,5,23,23MAY,0,0,0,Ho-Chi-Minh
2020-05-24,76,2020,5,24,24MAY,0,0,0,Ho-Chi-Minh
2020-05-25,77,2020,5,25,25MAY,0,0,0,Ho-Chi-Minh
2020-05-26,74,2020,5,26,26MAY,0,0,0,Ho-Chi-Minh
2020-05-27,89,2020,5,27,27MAY,0,0,0,Ho-Chi-Minh
2020-05-28,80,2020,5,28,28MAY,0,0,0,Ho-Chi-Minh
2020-05-29,80,2020,5,29,29MAY,0,0,0,Ho-Chi-Minh
2020-05-30,68,2020,5,30,30MAY,0,0,0,Ho-Chi-Minh
2020-05-31,90,2020,5,31,31MAY,0,0,0,Ho-Chi-Minh
2020-06-01,77,2020,6,1,01JUN,0,0,0,Ho-Chi-Minh
2020-06-02,92,2020,6,2,02JUN,0,0,0,Ho-Chi-Minh
2020-06-03,76,2020,6,3,03JUN,0,0,0,Ho-Chi-Minh
2020-06-04,88,2020,6,4,04JUN,0,0,0,Ho-Chi-Minh
2020-06-05,70,2020,6,5,05JUN,0,0,0,Ho-Chi-Minh
2020-06-06,81,2020,6,6,06JUN,0,0,0,Ho-Chi-Minh
2020-06-07,62,2020,6,7,07JUN,0,0,0,Ho-Chi-Minh
2020-06-08,74,2020,6,8,08JUN,0,0,0,Ho-Chi-Minh
2020-06-09,61,2020,6,9,09JUN,0,0,0,Ho-Chi-Minh
2020-06-10,64,2020,6,10,10JUN,0,0,0,Ho-Chi-Minh
2020-06-11,67,2020,6,11,11JUN,0,0,0,Ho-Chi-Minh
2020-06-12,87,2020,6,12,12JUN,0,0,0,Ho-Chi-Minh
2020-06-13,70,2020,6,13,13JUN,0,0,0,Ho-Chi-Minh
2020-06-14,64,2020,6,14,14JUN,0,0,0,Ho-Chi-Minh
2020-06-15,51,2020,6,15,15JUN,0,0,0,Ho-Chi-Minh
2020-06-16,62,2020,6,16,16JUN,0,0,0,Ho-Chi-Minh
2020-06-17,65,2020,6,17,17JUN,0,0,0,Ho-Chi-Minh
2020-06-18,117,2020,6,18,18JUN,0,0,0,Ho-Chi-Minh
2020-06-19,86,2020,6,19,19JUN,0,0,0,Ho-Chi-Minh
2020-06-20,100,2020,6,20,20JUN,0,0,0,Ho-Chi-Minh
2020-06-21,64,2020,6,21,21JUN,0,0,0,Ho-Chi-Minh
2020-06-22,63,2020,6,22,22JUN,0,0,0,Ho-Chi-Minh
2020-06-23,67,2020,6,23,23JUN,0,0,0,Ho-Chi-Minh
2020-06-24,62,2020,6,24,24JUN,0,0,0,Ho-Chi-Minh
2020-06-25,72,2020,6,25,25JUN,0,0,0,Ho-Chi-Minh
2020-06-26,85,2020,6,26,26JUN,0,0,0,Ho-Chi-Minh
2020-06-27,94,2020,6,27,27JUN,0,0,0,Ho-Chi-Minh
2020-06-28,51,2020,6,28,28JUN,0,0,0,Ho-Chi-Minh
2020-06-29,45,2020,6,29,29JUN,0,0,0,Ho-Chi-Minh
2020-06-30,59,2020,6,30,30JUN,0,0,0,Ho-Chi-Minh
2020-07-01,108,2020,7,1,01JUL,0,0,0,Ho-Chi-Minh
2020-01-02,80,2020,1,2,02JAN,0,0,0,Ho-Chi-Minh
2020-01-03,76,2020,1,3,03JAN,0,0,0,Ho-Chi-Minh
2020-01-04,91,2020,1,4,04JAN,0,0,0,Ho-Chi-Minh
2020-01-05,108,2020,1,5,05JAN,0,0,0,Ho-Chi-Minh
2020-01-06,110,2020,1,6,06JAN,0,0,0,Ho-Chi-Minh
2020-01-07,127,2020,1,7,07JAN,0,0,0,Ho-Chi-Minh
2020-01-08,91,2020,1,8,08JAN,0,0,0,Ho-Chi-Minh
2020-01-09,92,2020,1,9,09JAN,0,0,0,Ho-Chi-Minh
2020-01-10,111,2020,1,10,10JAN,0,0,0,Ho-Chi-Minh
2020-01-11,99,2020,1,11,11JAN,0,0,0,Ho-Chi-Minh
2020-01-12,100,2020,1,12,12JAN,0,0,0,Ho-Chi-Minh
2020-01-13,107,2020,1,13,13JAN,0,0,0,Ho-Chi-Minh
2020-01-14,98,2020,1,14,14JAN,0,0,0,Ho-Chi-Minh
2020-01-15,122,2020,1,15,15JAN,0,0,0,Ho-Chi-Minh
2020-01-16,117,2020,1,16,16JAN,0,0,0,Ho-Chi-Minh
2020-01-17,142,2020,1,17,17JAN,0,0,0,Ho-Chi-Minh
2020-01-18,122,2020,1,18,18JAN,0,0,0,Ho-Chi-Minh
2020-01-19,121,2020,1,19,19JAN,0,0,0,Ho-Chi-Minh
2020-01-20,111,2020,1,20,20JAN,0,0,0,Ho-Chi-Minh
2020-01-21,89,2020,1,21,21JAN,0,0,0,Ho-Chi-Minh
2020-01-22,90,2020,1,22,22JAN,0,0,0,Ho-Chi-Minh
2020-01-23,79,2020,1,23,23JAN,0,0,0,Ho-Chi-Minh
2020-01-24,62,2020,1,24,24JAN,0,0,0,Ho-Chi-Minh
2020-01-25,66,2020,1,25,25JAN,0,0,0,Ho-Chi-Minh
2020-01-26,53,2020,1,26,26JAN,0,0,0,Ho-Chi-Minh
2020-01-27,50,2020,1,27,27JAN,0,0,0,Ho-Chi-Minh
2020-01-28,52,2020,1,28,28JAN,0,0,0,Ho-Chi-Minh
2020-01-29,58,2020,1,29,29JAN,0,0,0,Ho-Chi-Minh
2020-01-30,62,2020,1,30,30JAN,0,0,0,Ho-Chi-Minh
2020-01-31,70,2020,1,31,31JAN,0,0,0,Ho-Chi-Minh
2020-02-01,78,2020,2,1,01FEB,0,0,0,Ho-Chi-Minh
2020-02-02,103,2020,2,2,02FEB,0,0,0,Ho-Chi-Minh
2020-02-03,110,2020,2,3,03FEB,0,0,0,Ho-Chi-Minh
2020-02-04,100,2020,2,4,04FEB,0,0,0,Ho-Chi-Minh
2020-02-05,85,2020,2,5,05FEB,0,0,0,Ho-Chi-Minh
2020-02-06,83,2020,2,6,06FEB,0,0,0,Ho-Chi-Minh
2020-02-07,92,2020,2,7,07FEB,0,0,0,Ho-Chi-Minh
2020-02-08,89,2020,2,8,08FEB,0,0,0,Ho-Chi-Minh
2020-02-09,114,2020,2,9,09FEB,0,0,0,Ho-Chi-Minh
2020-02-10,101,2020,2,10,10FEB,0,0,0,Ho-Chi-Minh
2020-02-11,101,2020,2,11,11FEB,0,0,0,Ho-Chi-Minh
2020-02-12,85,2020,2,12,12FEB,0,0,0,Ho-Chi-Minh
2020-02-13,58,2020,2,13,13FEB,0,0,0,Ho-Chi-Minh
2020-02-14,59,2020,2,14,14FEB,0,0,0,Ho-Chi-Minh
2020-02-15,62,2020,2,15,15FEB,0,0,0,Ho-Chi-Minh
2020-02-16,53,2020,2,16,16FEB,0,0,0,Ho-Chi-Minh
2020-02-17,59,2020,2,17,17FEB,0,0,0,Ho-Chi-Minh
2020-02-18,79,2020,2,18,18FEB,0,0,0,Ho-Chi-Minh
2020-02-19,84,2020,2,19,19FEB,0,0,0,Ho-Chi-Minh
2020-02-20,102,2020,2,20,20FEB,0,0,0,Ho-Chi-Minh
2020-02-21,117,2020,2,21,21FEB,0,0,0,Ho-Chi-Minh
2020-02-22,97,2020,2,22,22FEB,0,0,0,Ho-Chi-Minh
2020-02-23,73,2020,2,23,23FEB,0,0,0,Ho-Chi-Minh
2020-02-24,69,2020,2,24,24FEB,0,0,0,Ho-Chi-Minh
2020-02-25,99,2020,2,25,25FEB,0,0,0,Ho-Chi-Minh
2020-02-26,100,2020,2,26,26FEB,0,0,0,Ho-Chi-Minh
2020-02-27,89,2020,2,27,27FEB,0,0,0,Ho-Chi-Minh
2020-02-28,68,2020,2,28,28FEB,0,0,0,Ho-Chi-Minh
2020-02-29,85,2020,2,29,29FEB,0,0,0,Ho-Chi-Minh
2020-03-01,74,2020,3,1,01MAR,0,0,0,Ho-Chi-Minh
2020-03-02,63,2020,3,2,02MAR,0,0,0,Ho-Chi-Minh
2020-03-03,56,2020,3,3,03MAR,0,0,0,Ho-Chi-Minh
2020-03-04,55,2020,3,4,04MAR,0,0,0,Ho-Chi-Minh
2020-03-05,61,2020,3,5,05MAR,0,0,0,Ho-Chi-Minh
2020-03-06,57,2020,3,6,06MAR,0,0,0,Ho-Chi-Minh
2020-03-07,62,2020,3,7,07MAR,0,0,0,Ho-Chi-Minh
2020-03-08,67,2020,3,8,08MAR,0,0,0,Ho-Chi-Minh
2020-03-09,81,2020,3,9,09MAR,0,0,0,Ho-Chi-Minh
2020-03-10,81,2020,3,10,10MAR,0,0,0,Ho-Chi-Minh
2020-03-11,88,2020,3,11,11MAR,0,0,0,Ho-Chi-Minh
2020-03-12,75,2020,3,12,12MAR,0,0,0,Ho-Chi-Minh
2020-03-13,59,2020,3,13,13MAR,0,0,0,Ho-Chi-Minh
2020-03-14,54,2020,3,14,14MAR,0,0,0,Ho-Chi-Minh
2020-03-15,59,2020,3,15,15MAR,0,0,0,Ho-Chi-Minh
2020-03-16,56,2020,3,16,16MAR,0,0,0,Ho-Chi-Minh
2020-03-17,85,2020,3,17,17MAR,0,0,0,Ho-Chi-Minh
2020-03-18,80,2020,3,18,18MAR,0,0,0,Ho-Chi-Minh
2020-03-19,77,2020,3,19,19MAR,0,0,0,Ho-Chi-Minh
2020-03-20,58,2020,3,20,20MAR,0,0,0,Ho-Chi-Minh
2020-03-21,56,2020,3,21,21MAR,0,0,0,Ho-Chi-Minh
2020-03-22,60,2020,3,22,22MAR,0,0,0,Ho-Chi-Minh
2020-03-23,59,2020,3,23,23MAR,0,0,0,Ho-Chi-Minh
2020-03-24,52,2020,3,24,24MAR,0,0,0,Ho-Chi-Minh
2020-03-25,55,2020,3,25,25MAR,0,0,0,Ho-Chi-Minh
2020-03-26,60,2020,3,26,26MAR,0,0,0,Ho-Chi-Minh
2020-03-27,55,2020,3,27,27MAR,0,0,0,Ho-Chi-Minh
2020-03-28,53,2020,3,28,28MAR,0,0,0,Ho-Chi-Minh
2020-03-29,55,2020,3,29,29MAR,0,0,0,Ho-Chi-Minh
2020-03-30,46,2020,3,30,30MAR,0,0,0,Ho-Chi-Minh
2020-03-31,52,2020,3,31,31MAR,1,0,0,Ho-Chi-Minh
2020-04-01,54,2020,4,1,01APR,1,0,0,Ho-Chi-Minh
2021-03-02,51,2021,3,2,02MAR,0,0,0,Ho-Chi-Minh
2021-03-03,60,2021,3,3,03MAR,0,0,0,Ho-Chi-Minh
2021-03-04,66,2021,3,4,04MAR,0,0,0,Ho-Chi-Minh
2021-03-05,68,2021,3,5,05MAR,0,0,0,Ho-Chi-Minh
2021-03-06,56,2021,3,6,06MAR,0,0,0,Ho-Chi-Minh
2021-03-07,64,2021,3,7,07MAR,0,0,0,Ho-Chi-Minh
2021-03-08,57,2021,3,8,08MAR,0,0,0,Ho-Chi-Minh
2021-03-09,87,2021,3,9,09MAR,0,0,0,Ho-Chi-Minh
2021-03-10,84,2021,3,10,10MAR,0,0,0,Ho-Chi-Minh
2021-03-11,86,2021,3,11,11MAR,0,0,0,Ho-Chi-Minh
2021-03-12,82,2021,3,12,12MAR,0,0,0,Ho-Chi-Minh
2021-03-13,74,2021,3,13,13MAR,0,0,0,Ho-Chi-Minh
2021-03-14,91,2021,3,14,14MAR,0,0,0,Ho-Chi-Minh
2021-03-15,99,2021,3,15,15MAR,0,0,0,Ho-Chi-Minh
2021-03-16,95,2021,3,16,16MAR,0,0,0,Ho-Chi-Minh
2021-03-17,79,2021,3,17,17MAR,0,0,0,Ho-Chi-Minh
2021-03-18,70,2021,3,18,18MAR,0,0,0,Ho-Chi-Minh
2021-03-19,60,2021,3,19,19MAR,0,0,0,Ho-Chi-Minh
2021-03-20,58,2021,3,20,20MAR,0,0,0,Ho-Chi-Minh
2021-03-21,48,2021,3,21,21MAR,0,0,0,Ho-Chi-Minh
2021-03-22,59,2021,3,22,22MAR,0,0,0,Ho-Chi-Minh
2021-03-23,78,2021,3,23,23MAR,0,0,0,Ho-Chi-Minh
2021-03-24,98,2021,3,24,24MAR,0,0,0,Ho-Chi-Minh
2021-03-25,77,2021,3,25,25MAR,0,0,0,Ho-Chi-Minh
2021-03-26,57,2021,3,26,26MAR,0,0,0,Ho-Chi-Minh
2021-03-27,61,2021,3,27,27MAR,0,0,0,Ho-Chi-Minh
2021-03-28,63,2021,3,28,28MAR,0,0,0,Ho-Chi-Minh
2021-03-29,59,2021,3,29,29MAR,0,0,0,Ho-Chi-Minh
2021-02-02,107,2021,2,2,02FEB,0,0,0,Ho-Chi-Minh
2021-02-03,98,2021,2,3,03FEB,0,0,0,Ho-Chi-Minh
2021-02-04,108,2021,2,4,04FEB,0,0,0,Ho-Chi-Minh
2021-02-05,115,2021,2,5,05FEB,0,0,0,Ho-Chi-Minh
2021-02-06,116,2021,2,6,06FEB,0,0,0,Ho-Chi-Minh
2021-02-07,115,2021,2,7,07FEB,0,0,0,Ho-Chi-Minh
2021-02-08,114,2021,2,8,08FEB,0,0,0,Ho-Chi-Minh
2021-02-09,96,2021,2,9,09FEB,0,0,0,Ho-Chi-Minh
2021-02-10,91,2021,2,10,10FEB,0,0,0,Ho-Chi-Minh
2021-02-11,64,2021,2,11,11FEB,0,0,0,Ho-Chi-Minh
2021-02-12,62,2021,2,12,12FEB,0,0,0,Ho-Chi-Minh
2021-02-13,66,2021,2,13,13FEB,0,0,0,Ho-Chi-Minh
2021-02-14,68,2021,2,14,14FEB,0,0,0,Ho-Chi-Minh
2021-02-15,63,2021,2,15,15FEB,0,0,0,Ho-Chi-Minh
2021-02-16,68,2021,2,16,16FEB,0,0,0,Ho-Chi-Minh
2021-02-17,67,2021,2,17,17FEB,0,0,0,Ho-Chi-Minh
2021-02-18,59,2021,2,18,18FEB,0,0,0,Ho-Chi-Minh
2021-02-19,94,2021,2,19,19FEB,0,0,0,Ho-Chi-Minh
2021-02-20,84,2021,2,20,20FEB,0,0,0,Ho-Chi-Minh
2021-02-21,88,2021,2,21,21FEB,0,0,0,Ho-Chi-Minh
2021-02-22,100,2021,2,22,22FEB,0,0,0,Ho-Chi-Minh
2021-02-23,73,2021,2,23,23FEB,0,0,0,Ho-Chi-Minh
2021-02-24,85,2021,2,24,24FEB,0,0,0,Ho-Chi-Minh
2021-02-25,73,2021,2,25,25FEB,0,0,0,Ho-Chi-Minh
2021-02-26,76,2021,2,26,26FEB,0,0,0,Ho-Chi-Minh
2021-02-27,80,2021,2,27,27FEB,0,0,0,Ho-Chi-Minh
2021-02-28,102,2021,2,28,28FEB,0,0,0,Ho-Chi-Minh
2021-03-01,59,2021,3,1,01MAR,0,0,0,Ho-Chi-Minh
2021-01-05,86,2021,1,5,05JAN,0,0,0,Ho-Chi-Minh
2021-01-06,78,2021,1,6,06JAN,0,0,0,Ho-Chi-Minh
2021-01-07,69,2021,1,7,07JAN,0,0,0,Ho-Chi-Minh
2021-01-08,81,2021,1,8,08JAN,0,0,0,Ho-Chi-Minh
2021-01-09,117,2021,1,9,09JAN,0,0,0,Ho-Chi-Minh
2021-01-10,96,2021,1,10,10JAN,0,0,0,Ho-Chi-Minh
2021-01-11,97,2021,1,11,11JAN,0,0,0,Ho-Chi-Minh
2021-01-12,98,2021,1,12,12JAN,0,0,0,Ho-Chi-Minh
2021-01-13,70,2021,1,13,13JAN,0,0,0,Ho-Chi-Minh
2021-01-14,109,2021,1,14,14JAN,0,0,0,Ho-Chi-Minh
2021-01-15,121,2021,1,15,15JAN,0,0,0,Ho-Chi-Minh
2021-01-16,112,2021,1,16,16JAN,0,0,0,Ho-Chi-Minh
2021-01-17,119,2021,1,17,17JAN,0,0,0,Ho-Chi-Minh
2021-01-18,85,2021,1,18,18JAN,0,0,0,Ho-Chi-Minh
2021-01-19,81,2021,1,19,19JAN,0,0,0,Ho-Chi-Minh
2021-01-20,153,2021,1,20,20JAN,0,0,0,Ho-Chi-Minh
2021-01-21,158,2021,1,21,21JAN,0,0,0,Ho-Chi-Minh
2021-01-22,125,2021,1,22,22JAN,0,0,0,Ho-Chi-Minh
2021-01-23,98,2021,1,23,23JAN,0,0,0,Ho-Chi-Minh
2021-01-24,94,2021,1,24,24JAN,0,0,0,Ho-Chi-Minh
2021-01-25,85,2021,1,25,25JAN,0,0,0,Ho-Chi-Minh
2021-01-26,101,2021,1,26,26JAN,0,0,0,Ho-Chi-Minh
2021-01-27,109,2021,1,27,27JAN,0,0,0,Ho-Chi-Minh
2021-01-28,114,2021,1,28,28JAN,0,0,0,Ho-Chi-Minh
2021-01-29,107,2021,1,29,29JAN,0,0,0,Ho-Chi-Minh
2021-01-30,108,2021,1,30,30JAN,0,0,0,Ho-Chi-Minh
2021-01-31,135,2021,1,31,31JAN,0,0,0,Ho-Chi-Minh
2021-02-01,120,2021,2,1,01FEB,0,0,0,Ho-Chi-Minh
2021-01-01,71,2021,1,1,01JAN,0,0,0,Ho-Chi-Minh
2021-01-02,61,2021,1,2,02JAN,0,0,0,Ho-Chi-Minh
2021-01-03,74,2021,1,3,03JAN,0,0,0,Ho-Chi-Minh
2021-01-04,85,2021,1,4,04JAN,0,0,0,Ho-Chi-Minh
